kd_desa,kd_kecamatan,kd_kabupaten,id_bumdes,slug,nama_bumdes,tahun_berdiri,alamat,website,legal_perdes_no,legal_skdes_bumdes_no,status,file_adart,klasifikasi,created_by,updated_by,created_at,updated_at
3502010001,3502010,3502,1549652933,1549652933,AMARTA,2016,Ds. Baosan Kidul Kec. Ngrayun ,,Perdes No. 08Tahun 2016,-,aktif,,PEMULA,35,35,2019-02-09 02:08:53,2019-02-09 02:08:53
3502010002,3502010,3502,1549652931,1549652931,ARTA MULIA,2016,"Ds. Wonodadi, Kec. Ngrayun ",,Perdes No 5 / HUK / 2016,TUSKADES NOMOR 08 Tahun 2016,aktif,,PEMULA,35,3502010002,2019-02-09 02:08:51,2020-02-01 03:53:44
3502010003,3502010,3502,1549652932,1549652932,ARGO MULYO,2016,,,Perdes No. 10 tahun 2016,-,aktif,,PEMULA,35,35,2019-02-09 02:08:52,2019-02-09 02:08:52
3502010004,3502010,3502,1549652935,1549652935,LESTARI,2016,Ds. Mrayan Kec. Ngrayun ,BUMDlestari2020@gmail,Perdes No 8 tahun 2016,188.45/24/405.32.13.06/2019,aktif,,PEMULA,35,3502010004,2019-02-09 02:08:55,2021-02-04 02:57:48
3502010005,3502010,3502,1549652934,1549652934,BINA KARYA,2016,Ds. Binade Kec. Ngrayun ,bumdesabinakarya@gmail.com,Perdes No. 04 Tahun 2016,188.45/9/405.30.23.04/2016,aktif,,PEMULA,35,3502010005,2019-02-09 02:08:54,2021-01-13 09:43:07
3502010006,3502010,3502,1568440335,1568440335,BADATUL,2016,Ds. Baosan Lor Kec Ngrayun,,Perdes No. 10 Tahun 2016,-,aktif,,PEMULA,35,3502010006,2019-02-09 02:08:56,2019-09-14 05:52:15
3502010007,3502010,3502,1549652939,1549652939,BANGKIT NGRAYUN,2016,Ds. Ngrayun Kec. Ngrayun ,,Perdes No. 04Tahun 2016,-,aktif,,PEMULA,35,35,2019-02-09 02:08:59,2019-02-09 02:08:59
3502010008,3502010,3502,1549652937,1549652937,NGADEK JEJEK,2016,Ds. Temon Kec. Ngrayun ,,Perdes No 6 Tahun 2016,-,aktif,,PEMULA,35,35,2019-02-09 02:08:57,2019-02-09 02:08:57
3502010009,3502010,3502,1549652938,1549652938,BERKAH ABADI SENTOSA,2016,Ds. Selur Kec. Ngrayun ,,Perdes No 2 Tahun 2016,188/ 39 /405.32.13.08/2018 ,aktif,,PEMULA,35,3502010009,2019-02-09 02:08:58,2020-10-15 02:02:38
3502010010,3502010,3502,1549652940,1549652940,CEPOKO MANUNGAL,2016,Ds. Cepoko Kec. Ngrayun ,,Perdes No. 03Tahun 2016,-,aktif,,PEMULA,35,35,2019-02-09 02:09:00,2019-02-09 02:09:00
3502010011,3502010,3502,1549652942,1549652942,BERDIKARI,2016,Ds. Gedangan Kec. Ngrayun ,,Perdes No 3 Tahun 2016,-,aktif,,PEMULA,35,35,2019-02-09 02:09:02,2019-02-09 02:09:02
3502020001,3502020,3502,1549652907,1549652907,BUMDES TUGUREJO,2016,Desa Tugurejo Kecamatan Slahung,,Nomor 03 Tahun 2016,-,aktif,,PEMULA,35,35,2019-02-09 02:08:27,2019-02-09 02:08:27
3502020002,3502020,3502,1549652909,1549652909,SENEPO MAKMUR,2016,Desa Senepo Kec. Slahung,,Nomor 05 Tahun 2016,-,aktif,,PEMULA,35,35,2019-02-09 02:08:29,2019-02-09 02:08:29
3502020003,3502020,3502,1549652910,1549652910,MANUNGGAL KARSO,2016,Desa Slahung Kec. Slahung Jalan Raya Ponorogo Pacitan,,Nomor 05 Tahun 2016,-,aktif,,PEMULA,35,35,2019-02-09 02:08:30,2019-02-09 02:08:30
3502020004,3502020,3502,1549652911,1549652911,TUNAS HARAPAN,2016,Desa Caluk Kec. Slahung,,Nomor 03 Tahun 2016,-,aktif,,PEMULA,35,3502020004,2019-02-09 02:08:31,2020-11-13 17:42:02
3502020005,3502020,3502,1549652912,1549652912,MITRA SEJATI,2016,Desa Broto Kec. Slahung,,Nomor 03 Tahun 2016,-,aktif,,PEMULA,35,35,2019-02-09 02:08:32,2019-02-09 02:08:32
3502020006,3502020,3502,1549652913,1549652913,MENGGARE JAYA,2016,Desa Menggare Jalan Raya Ponorogo Pacitan,,Nomor 03 Tahun 2016,-,aktif,,PEMULA,35,35,2019-02-09 02:08:33,2019-02-09 02:08:33
3502020007,3502020,3502,1549652914,1549652914,PRINGGITAN BERSERI,2016,Desa Kambeng Kecamatan Slahung,,Nomor 04 Tahun 2016,-,aktif,,PEMULA,35,35,2019-02-09 02:08:34,2019-02-09 02:08:34
3502020008,3502020,3502,1549652915,1549652915,WATU AGUNG,2016,Desa Wates,,Nomor 07 Tahun 2016,-,aktif,,PEMULA,35,35,2019-02-09 02:08:35,2019-02-09 02:08:35
3502020009,3502020,3502,1549652916,1549652916,RUKUN MAKMUR,2016,Desa Ngilo-Ilo Kecamatan Slahung,,Nomor 03 Tahun 2016,470/24/405.30.01/09/2021,aktif,adart-1626243345-3502020009.pdf,PEMULA,35,3502020009,2019-02-09 02:08:36,2021-07-14 05:27:05
3502020010,3502020,3502,1549652917,1549652917,WARGO JOYO,2016,Jalan Pasar Brambang Desa Duri,,Nomor 03 Tahun 2016,-,aktif,,PEMULA,35,35,2019-02-09 02:08:37,2019-02-09 02:08:37
3502020011,3502020,3502,1549652918,1549652918,BINA SEJAHTERA,2014,Desa Ngloning Kec. Slahung,,Nomor 01 Tahun 2014,-,aktif,,PEMULA,35,35,2019-02-09 02:08:38,2019-02-09 02:08:38
3502020012,3502020,3502,1549652919,1549652919,BINA MAKMUR,2016,Jl. Sawunggaling 01 Plancungan,,Nomor 02 Tahun 2016,-,aktif,,PEMULA,35,35,2019-02-09 02:08:39,2019-02-09 02:08:39
3502020013,3502020,3502,1549652920,1549652920,ARUM DALU,2019,Jl. Soekarno Hatta 133,https://bumdesarumdalu.wordpress.com/,Nomor 11 Tahun 2019,Nomor 28 Tahun 2019,aktif,,PEMULA,35,3502020013,2019-02-09 02:08:40,2020-11-25 16:01:13
3502020014,3502020,3502,1549652921,1549652921,BERKAH SEJAHTERA,2015,Desa Galak Kec. Slahung,,Nomor 05 Tahun 2016,-,aktif,,PEMULA,35,35,2019-02-09 02:08:41,2019-02-09 02:08:41
3502020015,3502020,3502,1549652922,1549652922,SUMBER MAKMUR,2016,Jalan Raya Bungkal No.106 Desa Truneng,,Nomor 03 Tahun 2016,Nomor 16 Tahun 2016,aktif,,PEMULA,35,3502020015,2019-02-09 02:08:42,2021-03-08 16:42:24
3502020016,3502020,3502,1549652923,1549652923,TUMUJU EKONOMI KELUARGA AYEM TENTREM (TEKAT),2016,Desa Simo Kecamatan Slahung,,Nomor 02 Tahun 2016,-,aktif,,PEMULA,35,35,2019-02-09 02:08:43,2019-02-09 02:08:43
3502020017,3502020,3502,1549652924,1549652924,RONGGOLAWE,2016,Jl. Bulu Rejo No. 06Desa Crabak Kec Slahung,Belum diset,Nomor 04 Tahun 2016,-,aktif,,PEMULA,35,3502020017,2019-02-09 02:08:44,2021-06-18 01:01:46
3502020018,3502020,3502,1549652925,1549652925,SAPTA UTAMA,2016,Jl. Margo Utomo No. 06 Mojopitu,,Nomor 03 Tahun 2016,-,aktif,,PEMULA,35,35,2019-02-09 02:08:45,2019-02-09 02:08:45
3502020019,3502020,3502,1549652927,1549652927,MITRA SEJATI,2016,Desa Gundik Kec. Slahung,,Nomor 14 Tahun 2016,-,aktif,,PEMULA,35,35,2019-02-09 02:08:47,2019-02-09 02:08:47
3502020020,3502020,3502,1549652928,1549652928,MANDIRI SEJAHTERA,2016,Desa Nailan Kec. Slahung,,Nomor 03 Tahun 2016,-,aktif,,PEMULA,35,35,2019-02-09 02:08:48,2019-02-09 02:08:48
3502020021,3502020,3502,1549652929,1549652929,WARGO MAKMUR,2016,Desa Gombang Kec. Slahung,,Nomor 05 Tahun 2016,-,aktif,,PEMULA,35,35,2019-02-09 02:08:49,2019-02-09 02:08:49
3502020022,3502020,3502,1549652930,1549652930,TELAGA MADU,2015,Desa Janti Kec. Slahung,,Nomor 02 Tahun 2015,-,aktif,,PEMULA,35,3502020022,2019-02-09 02:08:50,2020-09-21 08:31:04
3502030001,3502030,3502,1549652943,1549652943,SUMBER MAKMUR,2015,Desa pelem kecamatan bungkal,,No 9 tahun 2015,-,aktif,,PEMULA,35,3502030001,2019-02-09 02:09:03,2021-03-22 04:38:43
3502030002,3502030,3502,1549652944,1549652944,BUMDESA KORIPAN,2015,Jl. Jodipati no. 03 Desa Koripan Kecamatan Bungkal Kabupaten Ponorogo,,No. 11 Tahun 2015,-,aktif,,PEMULA,35,35,2019-02-09 02:09:04,2019-02-09 02:09:04
3502030003,3502030,3502,1549652945,1549652945,JAYA MANDIRI,2017,,,No. 04 Tahun 2017,-,aktif,,PEMULA,35,35,2019-02-09 02:09:05,2019-02-09 02:09:05
3502030004,3502030,3502,1549652946,1549652946,BANGKIT MANDIRI,2016,Jalan Pemuda no 7 Desa Nambak,,Nomor 01 Tahun 2016,-,aktif,,PEMULA,35,35,2019-02-09 02:09:06,2019-02-09 02:09:06
3502030005,3502030,3502,1549652947,1549652947,PELITA HATI,2016,"Kalisat, Bungkal, Ponorogo",,SK.04/05/2016,-,aktif,,PEMULA,35,35,2019-02-09 02:09:07,2019-02-09 02:09:07
3502030006,3502030,3502,1549652948,1549652948,JAYA SENTOSA,2016,Jl. Rukun Jaya No. 08 Desa Munggu Kecamatan Bungkal Kabupaten Ponorogo,,No. 08 tahun 2016,-,aktif,,PEMULA,35,35,2019-02-09 02:09:08,2019-02-09 02:09:08
3502030007,3502030,3502,1549652949,1549652949,SENDANG WIRO PRINGGO,2016,Jl. Pringgo Kusumo No. 24 Desa Pager Kec. Bungkal Kab. Ponorogo,,No 04 Tahun 2016,188/ 06 /35.02.03.12.07/ 2017,aktif,adart-1620671402-3502030007.pdf,PEMULA,35,3502030007,2019-02-09 02:09:09,2021-05-10 18:30:02
3502030008,3502030,3502,1549652950,1549652950,CAKRAWALA AJI,2017,Jalan Hayam Wuruk Desa Belang,,Nomor 03 Tahun 2017,-,aktif,,PEMULA,35,35,2019-02-09 02:09:10,2019-02-09 02:09:10
3502030009,3502030,3502,1549652951,1549652951,MARGO MAKMUR,2016,"Bungkal, Bungkal, Ponorogo",,No. 08 TH 2018 TT Bumdes,-,aktif,,PEMULA,35,35,2019-02-09 02:09:11,2019-02-09 02:09:11
3502030010,3502030,3502,1549652952,1549652952,KETONGGO MAKMUR,2018,Jl. Ahmad Yani RT/RW 01/01 Dkuh. Beluk Desa Ketonggo Kecamatan Bungkal,,Nomor 09 Tahun 2018,-,aktif,,PEMULA,35,35,2019-02-09 02:09:12,2019-02-09 02:09:12
3502030011,3502030,3502,1549652954,1549652954,WIJAYA INDAH,2017,Desa Kunti Kecamatan Bungkal,,No 4 tahun 2017,-,tidak,,PEMULA,35,35,2019-02-09 02:09:14,2019-02-09 02:09:14
3502030012,3502030,3502,1549652955,1549652955,SUMBER BANCAR,2012,,,Nomor 3 / Desa Bancar / 1997,-,aktif,,PEMULA,35,35,2019-02-09 02:09:15,2019-02-09 02:09:15
3502030013,3502030,3502,1549652956,1549652956,SEJAHTERA,2015,Dukuh Krajan Desa Padas Kecamatan Bungkal,,188.4/08/405.3/2015,-,aktif,,PEMULA,35,35,2019-02-09 02:09:16,2019-02-09 02:09:16
3502030014,3502030,3502,1549652957,1549652957,DONO SUKO,2017,Jalan Sri Rejeku nomor 18 desa bungu,,No 3 tahun 2017,-,tidak,,PEMULA,35,35,2019-02-09 02:09:17,2019-02-09 02:09:17
3502030015,3502030,3502,1549652958,1549652958,MITRA ABADI,2015,JL HAYAM WURUK 02 KUPUK BUNGKAL PONOROGO,,NO 5 TAHUN 2016,-,aktif,,PEMULA,35,35,2019-02-09 02:09:18,2019-02-09 02:09:18
3502030016,3502030,3502,1549652959,1549652959,BANGUN,2017,"Sambilawang, Bungkal, Ponorogo",,Nomor: 1/Desa Sambilawang/2017,-,aktif,,PEMULA,35,35,2019-02-09 02:09:19,2019-02-09 02:09:19
3502030017,3502030,3502,1549652960,1549652960,MAKMUR MANDIRI,2015,KWAJON BUNGKAL PONOROGO,,NO II TAHUN 2016,-,tidak,,PEMULA,35,35,2019-02-09 02:09:20,2019-02-09 02:09:20
3502030018,3502030,3502,1549652961,1549652961,MARGA MAKMUR,2016,BEDIWETAN BUNGKAL PONOROGO,,NO 1 TAHUN 2016,-,tidak,,PEMULA,35,35,2019-02-09 02:09:21,2019-02-09 02:09:21
3502030019,3502030,3502,1549652962,1549652962,RADJAWALI,2016,BEDIKULON BUNGKAL PONOROGO,,NO 03 TAHUN 2016,NO 05 TAHUN 2021,aktif,,PEMULA,35,3502030019,2019-02-09 02:09:22,2021-01-18 03:43:26
3502040001,3502040,3502,1549652963,1549652963,KARSA MANUNGGAL,2016,DESA GAJAH - KEC. SAMBIT - KAB. PONOROGO - JATIM,,,-,aktif,,PEMULA,35,35,2019-02-09 02:09:23,2019-02-09 02:09:23
3502040002,3502040,3502,1549652964,1549652964,SURYO MANDIRO,2016,JL. KRESNO NO. 41 DS WRINGINANOM - KEC. SAMBIT - KAB. PONOROGO - JATIM,,NO 8 TAHUN 2016,-,aktif,,PEMULA,35,35,2019-02-09 02:09:24,2019-02-09 02:09:24
3502040003,3502040,3502,1549652965,1549652965,MANDIRI,2016,Jln.Madura No.06 Ngadisanan,,No.02 Tahun 2016,-,aktif,,PEMULA,35,35,2019-02-09 02:09:25,2019-02-09 02:09:25
3502040004,3502040,3502,1549652966,1549652966,MAGUWAN MAKMUR,2015,Balai Desa Maguwan,,Perdes Nomer 07 Tahun 2015,-,tidak,,PEMULA,35,3502040004,2019-02-09 02:09:26,2020-02-11 01:35:02
3502040005,3502040,3502,1599024354,bumdes-desa-nglewan,BUMDES BANYON DEPOK NEPEN (BDN),2020,jln Rajawali 01 Dusun Depok Desa Nglewan Kecamatan Sambit Kabupaten Ponorogo,https//bumdesdesanglewan.com,Perdes Nomer 03 Tahun 2020,SK Nomer 03 Tahun 2020,aktif,,DASAR,3502040005,3502040005,2020-09-02 05:25:54,2020-09-02 05:25:54
3502040006,3502040,3502,1549652967,1549652967,BERKAH MANUNGGAL,2016,JALAN KUNTI RT 3 RW 1 KRAJAN BEDINGIN,,NO 03 TAHUN 2016,-,aktif,,PEMULA,35,35,2019-02-09 02:09:27,2019-02-09 02:09:27
3502040007,3502040,3502,1549652968,1549652968,BANCANGAN MANDIRI,2018,JALAN KRESNA NO 02 BANCANGAN SAMBIT PONOROGO,,No. 02 Tahun 2016,188.45/23/405.30.14.07/2018,aktif,,PEMULA,35,3502040007,2019-02-09 02:09:28,2020-02-17 02:51:21
3502040008,3502040,3502,1581994522,1581994522,RAHARJO,2016,JALAN MAJAPAHIT NO 31 DESA CAMPUREJO,,NO 05 TAHUN 2016,188/14/405.30.14.08/2016,aktif,,PEMULA,3502040008,3502040008,2020-02-18 02:57:14,2020-02-18 02:58:06
3502040009,3502040,3502,1582519138,1582519138,NGUDI RAHAYU,2018,RT 001 RW 001 DUKUH BEDALI DESA CAMPURSARI KECAMATAN SAMBIT KABUPATEN PONOROGO,,05 TAHUN 2018,188/26/405.30.14.009/2018,aktif,,PEMULA,3502040009,3502040009,2020-02-24 05:04:26,2020-02-24 05:04:26
3502040010,3502040,3502,1549652969,1549652969,BULU BERKAH,2016,JL. SALAM NO. 24 TELP. (0352) 311131,,NO 3 TAHUN 2016,-,aktif,,PEMULA,35,3502040010,2019-02-09 02:09:29,2020-01-17 13:30:59
3502040011,3502040,3502,1549652971,1549652971,PUNDHI NUGROHO,2017,Jalan RA.Kartini 03 Sambit,,No.06 Tahun 2017,-,aktif,,PEMULA,35,35,2019-02-09 02:09:31,2019-02-09 02:09:31
3502040012,3502040,3502,1549652972,1549652972,BESUKI JAYA MANDIRI,2016,Jalan Jendral Sudirman No.17 Besuki Sambit,,,-,aktif,,PEMULA,35,35,2019-02-09 02:09:32,2019-02-09 02:09:32
3502040013,3502040,3502,1599033329,httpsbumdesrahayu,BUMDES RAHAYU,2018,Desa Wilangan,https://bumdesrahayu,8 Tahun 2018,6 Tahun 2018,tidak,,DASAR,3502040013,3502040013,2020-09-02 07:55:29,2020-09-02 14:10:24
3502040014,3502040,3502,1549652973,1549652973,HARAPAN MULIA,2016,DESA BANGSALAN - KEC. SAMBIT - KAB. PONOROGO,,NO 7 TAHUN 2016,-,aktif,,PEMULA,35,35,2019-02-09 02:09:33,2019-02-09 02:09:33
3502040015,3502040,3502,1549652974,1549652974,SURYA KEMUNING,2016,JL. JEND. SUDIRMAN NO. 50 KEMUNING - SAMBIT - PONOROGO,,NO 5 TAHUN 2016,188/22/405.30.14.2015/2016,aktif,,PEMULA,35,3502040015,2019-02-09 02:09:34,2020-01-17 23:33:55
3502040016,3502040,3502,1549652975,1549652975,JRAKAH BERKAH,2017,DESA JRAKAH - KEC. SAMBIT - KAB. PONOROGO,,NO 2 TAHUN 2017,188/24/405.30.14.16/2017,aktif,,PEMULA,35,3502040016,2019-02-09 02:09:35,2021-03-24 05:14:20
3502050001,3502050,3502,1549652976,1549652976,TUMPUK ABADI,2016,Dukuh Gondang Rt 002 Rw 002 Desa Tumpuk Kecamatan Sawoo Kabupaten Ponorogo,,NO.8 TH. 2016,8 Tahun 2016,aktif,,PEMULA,35,3502050001,2019-02-09 02:09:36,2021-07-08 13:45:17
3502050002,3502050,3502,1549652977,1549652977,PANGKAL MAKMUR,2015,,,NO.7 TH. 2015,-,tidak,,PEMULA,35,35,2019-02-09 02:09:37,2019-02-09 02:09:37
3502050003,3502050,3502,1549652978,1549652978,TUMPAKPELEM MAKMUR JAYA,2016,RT 02/ RW 02 DukuhKrajan Ds. Tumpakpelem Kec. Sawoo,,06 Tahun 2016,05 Tahun 2016,aktif,,PEMULA,35,3502050003,2019-02-09 02:09:38,2020-01-24 03:10:06
3502050004,3502050,3502,1549652979,1549652979,USAHA BERSAMA,2015,Jl. Anjasmara No. 04 Desa Tempuran Kecamatan Sawoo Kabupaten Ponorogo,,06 Tahun 2015,09 Tahun 2015,aktif,,PEMULA,35,3502050004,2019-02-09 02:09:39,2021-03-25 06:32:33
3502050005,3502050,3502,1549652980,1549652980,SRITI MAKMUR,2016,Jl. Sriwijaya No.37 Desa Sriti Kecamatan Sawoo Ponorogo,,Perdes No. 6 Tahun 2016,-,aktif,,PEMULA,35,3502050005,2019-02-09 02:09:40,2021-04-06 05:22:35
3502050006,3502050,3502,1549652981,1549652981,TEMON BERDIKARI,2016,DS. TEMON,,06 TAHUN 2016,-,aktif,,PEMULA,35,3502050006,2019-02-09 02:09:41,2021-07-08 03:26:10
3502050007,3502050,3502,1549652982,1549652982,SUNAN KUMBUL,2016,,,10 Tahun 2016,-,aktif,,PEMULA,35,35,2019-02-09 02:09:42,2019-02-09 02:09:42
3502050008,3502050,3502,1549652983,1549652983,TRISNA KARYA BAKTI,2014,,,03 Tahun 2014,-,aktif,,PEMULA,35,35,2019-02-09 02:09:43,2019-02-09 02:09:43
3502050009,3502050,3502,1549652984,1549652984,KARYA SEJAHTERA,2016,,,Perdes No. 6Tahun 2016,-,aktif,,PEMULA,35,35,2019-02-09 02:09:44,2019-02-09 02:09:44
3502050010,3502050,3502,1549652985,1549652985,MARGO MULYO,2016,,,Perdes No. 3 Tahun 2016,-,aktif,,PEMULA,35,35,2019-02-09 02:09:45,2019-02-09 02:09:45
3502050011,3502050,3502,1549652986,1549652986,BOGA MULYA,2016,,,Perdes No 4 Tahun 2016,-,aktif,,PEMULA,35,35,2019-02-09 02:09:46,2019-02-09 02:09:46
3502050012,3502050,3502,1549652988,1549652988,SEGER MAKMUR,2016,,,Perdes No. 3 Tahun 2016,-,aktif,,PEMULA,35,35,2019-02-09 02:09:48,2019-02-09 02:09:48
3502050013,3502050,3502,1549652989,1549652989,NGUDI RAHARJO,2016,Jl. Diponegoro Dk. Tengah,,Perdes No. 8 Tahun 2016,-,aktif,,PEMULA,35,35,2019-02-09 02:09:49,2019-02-09 02:09:49
3502050014,3502050,3502,1549652990,1549652990,MARGO MULYO,2016,,,07 tahun 2016,-,aktif,,PEMULA,35,35,2019-02-09 02:09:50,2019-02-09 02:09:50
3502060001,3502060,3502,1549652991,1549652991,MANUNGGAL JAYA,2016,JALAN WERKUDARA NO 1 NGADIROJO,,02 TAHUN 2016,-,aktif,,PEMULA,35,3502060001,2019-02-09 02:09:51,2020-10-15 02:58:07
3502060002,3502060,3502,1549652992,1549652992,TRUBUS MANUNGGAL,2017,Jl NGGENENGAN NO 01 KLEPU,,NO 5 TAHUN 2017,-,aktif,,PEMULA,35,35,2019-02-09 02:09:52,2019-02-09 02:09:52
3502060003,3502060,3502,1549652993,1549652993,MAJU MAPAN,2017,Jalan raya Sooko -Pulung no 1 SURU,,NO 08 TAHUN 2017,-,aktif,,PEMULA,35,3502060003,2019-02-09 02:09:53,2020-10-12 03:18:49
3502060004,3502060,3502,1549652994,1549652994,SOOKO MAKMUR,2016,JALAN RAYA SOOKO-PULUNG NO 16 SOOKO,,04 tahun 2016,188/32/405.32..20.05/2018,aktif,,PEMULA,35,3502060004,2019-02-09 02:09:54,2020-03-10 03:03:15
3502060005,3502060,3502,1549652995,1549652995,BERKAH MAKMUR,2016,Jl PUNTODEWO NO 01 BEDOHO,,,-,aktif,,PEMULA,35,35,2019-02-09 02:09:55,2019-02-09 02:09:55
3502060006,3502060,3502,1549652996,1549652996,WARGO AJER,2016,Jalan Wilis nomor 07 Desa Jurug,,01 TAHUN 2016,-,aktif,,PEMULA,35,35,2019-02-09 02:09:56,2019-02-09 02:09:56
3502061001,3502061,3502,1549653201,1549653201,MUGIYO LESTARI,2016,Jalan Raya Pudak Sooko Nomor 15 Banjarejo Pudak Ponorogo,,Nomor 02 Tahun 2016,-,aktif,,PEMULA,35,3502061001,2019-02-09 02:13:21,2021-02-10 01:54:56
3502061002,3502061,3502,1549653200,1549653200,PUDAK WETAN LESTARI,2016,Jalan Raya Pudak Sooko Nomor 13,,02 TAHUN 2016,No 18 Tahun 2019,aktif,,PEMULA,35,3502061002,2019-02-09 02:13:20,2020-01-20 16:50:17
3502061003,3502061,3502,1549653202,1549653202,MITRA TANI,2016,Jl. Pulung Pudak No 17 Pudak Kulon,,no 5 Tahun 2016,-,tidak,,PEMULA,35,35,2019-02-09 02:13:22,2019-02-09 02:13:22
3502061004,3502061,3502,1549653199,1549653199,WILIS LESTARI,2016,Jalan Raya Pudak Pulung Nomor 3,lestariwilis01@gmail.com,02 TAHUN 2016,17 TAHUN 2019,aktif,,PEMULA,35,3502061004,2019-02-09 02:13:19,2021-06-25 11:48:38
3502061005,3502061,3502,1549653197,1549653197,MAKMUR ABADI,2016,Jl. Pulung Pudak No 5 Tambang,,no 2 tahun 2016,-,tidak,,PEMULA,35,35,2019-02-09 02:13:17,2019-02-09 02:13:17
3502061006,3502061,3502,1549653196,1549653196,LOH JINAWI,2016,Jl. Panjang Punjung no 24 Desa Bareng Kecamatan Pudak Ponorogo,,no 2 tahun 2016,188.4/13/405.30.21.01/2020,aktif,,PEMULA,35,3502061006,2019-02-09 02:13:16,2020-12-14 03:07:16
3502070001,3502070,3502,1549652997,1549652997,KARANG PATIHAN SEJAHTERA,2014,Jl. Pahlawan No. 25 Karangpatihan,,Perdes No. 04 Tahun 2014,-,tidak,,PEMULA,35,3502070001,2019-02-09 02:09:57,2020-12-14 02:59:16
3502070002,3502070,3502,1549652998,1549652998,TEGAL ARUM,2016,Jl. Mat Karyani NO. 1 Tegalrejo,,Perdes No. 03 Tahun 2016,-,tidak,,PEMULA,35,35,2019-02-09 02:09:58,2019-02-09 02:09:58
3502070003,3502070,3502,1549652999,1549652999,KARYA ABADI,2016,Jl. Iremedjo Seret No. 1,,Perdes No. 04 Tahun 2016,-,tidak,,PEMULA,35,35,2019-02-09 02:09:59,2019-02-09 02:09:59
3502070004,3502070,3502,1549653000,1549653000,BUMDES WAGIR KIDUL,2014,JL. RAYA PULUNG PUDAK KM 07,,Perdes No. 04 Tahun 2014,-,aktif,,PEMULA,35,35,2019-02-09 02:10:00,2019-02-09 02:10:00
3502070005,3502070,3502,1549653001,1549653001,SINGGAHAN MAKMUR,2015,Jl. Raya Pulung Pudak Km. 1,,Perdes No. 03 Tahun 2015,-,aktif,,PEMULA,35,35,2019-02-09 02:10:01,2019-02-09 02:10:01
3502070006,3502070,3502,1549653003,1549653003,MITRA MANDIRI,2014,Jl. Pemuda No. 1,,Perdes No. 6 Tahun 2014,-,aktif,,PEMULA,35,35,2019-02-09 02:10:03,2019-02-09 02:10:03
3502070007,3502070,3502,1549653004,1549653004,PULUNG SEJAHTERA,2014,Jl. DR. Sutomo No. 1,,Perdes No. 4 Tahun 2014,Kep. Kepala Desa No. 16 Tahun 2014,aktif,,PEMULA,35,3502070007,2019-02-09 02:10:04,2020-10-14 10:11:26
3502070008,3502070,3502,1549653005,1549653005,BUMI MERDEKA,2014,Jl. Jayengrono No. 1,,Perdes No.12 Tahun 2014,-,aktif,,PEMULA,35,35,2019-02-09 02:10:05,2019-02-09 02:10:05
3502070009,3502070,3502,1549653006,1549653006,MITRA MANDIRI,2015,Jl. Raya Pulung,,Perdes No. 5 Tahun 2015,-,tidak,,PEMULA,35,35,2019-02-09 02:10:06,2019-02-09 02:10:06
3502070010,3502070,3502,1549653007,1549653007,MITRA MANDIRI,2014,Jl. Kali Dalem No. 5 Wotan Pulung,,Perdes No. 10 Tahun 2014,-,aktif,,PEMULA,35,35,2019-02-09 02:10:07,2019-02-09 02:10:07
3502070011,3502070,3502,1549653008,1549653008,MARGA JAYA,2016,Jalan Sekar Jinggo Nomor 22B,,Nomor 5 Tahun 2016,-,aktif,,PEMULA,35,35,2019-02-09 02:10:08,2019-02-09 02:10:08
3502070012,3502070,3502,1549653009,1549653009,MITRA USAHA BERSAMA,2016,Jalan Setono Sabil Nomor 1,,Nomor 5 Tahun 2016,-,aktif,,PEMULA,35,35,2019-02-09 02:10:09,2019-02-09 02:10:09
3502070013,3502070,3502,1549653010,1549653010,BERKAH ABADI,2016,Jl. Kali Asin No. 1 Desa Kesugihan Pulung,, Perdes No. 11 Tahun 2016 ,-,tidak,,PEMULA,35,35,2019-02-09 02:10:10,2019-02-09 02:10:10
3502070014,3502070,3502,1549653011,1549653011,BERKAH LUMINTU,2018,Komplek Pasar Baru Desa Serag Kecamatan Pulung Kabupaten Ponorogo,-,Nomor 08 Tahun 2018,Nomor 19 Tahun 2018,aktif,adart-1620267834-3502070014.pdf,PEMULA,35,3502070014,2019-02-09 02:10:11,2021-05-06 02:23:54
3502070015,3502070,3502,1549653012,1549653012,MAJU JAYA,2015,Jalan Ontoseno,,Nomor 3 Tahun 2015,-,aktif,,PEMULA,35,3502070015,2019-02-09 02:10:12,2021-06-16 04:16:18
3502070016,3502070,3502,1549653013,1549653013,LANGGENG MAKARTI,2014,JL. JAWA NO. 05 DESA MUNGGUNG,,Perdes No. 4 Tahun 2014,-,aktif,,PEMULA,35,35,2019-02-09 02:10:13,2019-02-09 02:10:13
3502070017,3502070,3502,1549653014,1549653014,BEKIRING BANGKIT,2014,JL. BENDOROGO NO. 01 DESA BEKIRING,,Perdes No. 5 Tahun 2014,-,aktif,,PEMULA,35,35,2019-02-09 02:10:14,2019-02-09 02:10:14
3502070018,3502070,3502,1549653015,1549653015,BUM Desa NGUDI MULYO Banaran,2014,JL.POROS NO.05 DESA BANARAN,,Perdes No. 5 Tahun 2014,-,aktif,,PEMULA,35,3502070018,2019-02-09 02:10:15,2021-06-18 09:21:31
3502080001,3502080,3502,1549653017,1549653017,TUGU KENCANA,2015,Jl. Krakatau No. 87 Ds.Tugu,,Nomor 03 Tahun 2015,-,aktif,,PEMULA,35,35,2019-02-09 02:10:17,2019-02-09 02:10:17
3502080002,3502080,3502,1549653018,1549653018,CANDI SEJAHTERA,2015,Desa Candi,,Nomor 06 Tahun 2015,-,aktif,,PEMULA,35,35,2019-02-09 02:10:18,2019-02-09 02:10:18
3502080003,3502080,3502,1549653019,1549653019,MUKTI WIBOWO,2015,Jl. Mangga No. 03 Ds. Totokan,,Nomor 13 Tahun 2015,-,aktif,,PEMULA,35,35,2019-02-09 02:10:19,2019-02-09 02:10:19
3502080004,3502080,3502,1549653020,1549653020,NAKULA,2015,Jl. Sidoluhur No. 27 Desa Ngrukem,,No. 12 Tahun 2015,-,aktif,,PEMULA,35,35,2019-02-09 02:10:20,2019-02-09 02:10:20
3502080005,3502080,3502,1549653021,1549653021,NIRWANA,2014,Jl. Jawa Siwalan,,NO. 12 Tahun 2014,-,aktif,,PEMULA,35,35,2019-02-09 02:10:21,2019-02-09 02:10:21
3502080006,3502080,3502,1549653022,1549653022,SUKSES ABADI,2016,Jl. Halmahera RT. 02 RW. 01 Desa Joresan,,No. 03 Tahun 2016,-,aktif,,PEMULA,35,35,2019-02-09 02:10:22,2019-02-09 02:10:22
3502080007,3502080,3502,1549653023,1549653023,LANTABUR,2015,Jl. Widotomo Nglumpang,,Nomor 07 Tahun 2015,-,aktif,,PEMULA,35,35,2019-02-09 02:10:23,2019-02-09 02:10:23
3502080008,3502080,3502,1549653024,1549653024,BAROKAH,2015,Jl. Jakarta No. 27 Desa Gontor,,No. 07 Tahun 2015,-,aktif,,PEMULA,35,35,2019-02-09 02:10:24,2019-02-09 02:10:24
3502080009,3502080,3502,1549653025,1549653025,CITRA GANDARA,2015,Desa Gandu,,No. 07 Tahun 2015,-,aktif,,PEMULA,35,3502080009,2019-02-09 02:10:25,2020-12-21 15:16:50
3502080010,3502080,3502,1549653026,1549653026,MARGANING KAMULYAN,2015,Jl. Arjuna No. 31 Desa Jabung,,NO.16 Tahun 2015,-,aktif,,PEMULA,35,35,2019-02-09 02:10:26,2019-02-09 02:10:26
3502080011,3502080,3502,1549653027,1549653027,GUYUP RUKUN,2015,Jalan Raya Mlarak Dusun Caru RT. 01 RW. 02 Desa Bajang,,No. 03 Tahun 2015,-,aktif,,PEMULA,35,35,2019-02-09 02:10:27,2019-02-09 02:10:27
3502080012,3502080,3502,1549653028,1549653028,LOHJINAWI,2016,Jl. Mlarak Pulung,,No. 03 Tahun 2015,-,aktif,,PEMULA,35,35,2019-02-09 02:10:28,2019-02-09 02:10:28
3502080013,3502080,3502,1549653029,1549653029,GARUDO MULYO,2015, Jl. Garuda No.31 ,,No 05 Tahun 2015,-,aktif,,PEMULA,35,35,2019-02-09 02:10:29,2019-02-09 02:10:29
3502080014,3502080,3502,1549653030,1549653030,MULIA JAYA,2016,Jl Raya Mlarak -pulung no 141 Desa Suren kecamatan Mlarak Kabupaten Ponorogo ,,NO.11 Tahun 2016,-,aktif,,PEMULA,35,35,2019-02-09 02:10:30,2019-02-09 02:10:30
3502080015,3502080,3502,1549653032,1549653032,NGUDI MAKMUR,2015,Jl. Jendral suderman No. 22 Desa Kaponan,,No. 04 Tahun 2015,-,aktif,,PEMULA,35,35,2019-02-09 02:10:32,2019-02-09 02:10:32
3502090001,3502090,3502,1549653048,1549653048,NULL,2016,,,,-,tidak,,PEMULA,35,35,2019-02-09 02:10:48,2019-02-09 02:10:48
3502090002,3502090,3502,1567998267,1567998267,ARUM DALU,2014,"Desa Ngabar, Kec. Siman, Kab. Ponorogo",,Perdes No. 5  Tahun 2014,05 Tahun 2014,aktif,,PEMULA,3502090002,3502090002,2019-09-09 03:04:27,2020-02-14 02:50:24
3502090003,3502090,3502,1549653050,1549653050,MAJU MAKMUR,2012,,,,-,tidak,,PEMULA,35,35,2019-02-09 02:10:50,2019-02-09 02:10:50
3502090004,3502090,3502,1549653051,1549653051,LUMBUNG KARYA,2012,,,,-,tidak,,PEMULA,35,35,2019-02-09 02:10:51,2019-02-09 02:10:51
3502090005,3502090,3502,1549653052,1549653052,SEKARAN,2015,,,,-,tidak,,PEMULA,35,35,2019-02-09 02:10:52,2019-02-09 02:10:52
3502090006,3502090,3502,1549653053,1549653053,REKA DANA,2015,,,Perdes No. 4 Tahun 2015,-,tidak,,PEMULA,35,35,2019-02-09 02:10:53,2019-02-09 02:10:53
3502090007,3502090,3502,1549653054,1549653054,SEJAHTERA MANDIRI,2016,,,Perdes No. 5 Tahun 2016,-,tidak,,PEMULA,35,35,2019-02-09 02:10:54,2019-02-09 02:10:54
3502090008,3502090,3502,1549653055,1549653055,SAWUH MAKMUR,2016,JL PEMUDA,, Perdes No 5 Tahun 2016 ,-,aktif,,PEMULA,35,35,2019-02-09 02:10:55,2019-02-09 02:10:55
3502090009,3502090,3502,1549653056,1549653056,JARAK MAJU,2016,,,Perdes No. 5 Tahun 2016,-,tidak,,PEMULA,35,35,2019-02-09 02:10:56,2019-02-09 02:10:56
3502090010,3502090,3502,1549653057,1549653057,TUNAS HARAPAN,2015,JL KUSUMA,,Perdes No 7 Tahun 2015,-,aktif,,PEMULA,35,35,2019-02-09 02:10:57,2019-02-09 02:10:57
3502090011,3502090,3502,1549653058,1549653058,JAYA MAKMUR,2012,,,,-,tidak,,PEMULA,35,35,2019-02-09 02:10:58,2019-02-09 02:10:58
3502090012,3502090,3502,1549653059,1549653059,SEJAHTERA,2016,DESA MANUK,, PERDES NO 4 TAHUN 2016 ,-,aktif,,PEMULA,35,35,2019-02-09 02:10:59,2019-02-09 02:10:59
3502090013,3502090,3502,1549653060,1549653060,SIMAN GEMILANG PERKASA,2015,JL PANJAITAN 174,,Perdes No 4 Tahun 2015,-,aktif,,PEMULA,35,35,2019-02-09 02:11:00,2019-02-09 02:11:00
3502090014,3502090,3502,1562208137,1562208137,GOTAMA JAYA,2016,JL TANJUNG 41 DESA PATIHAN KIDUL,https://patihankidul.com/,03 TAHUN 2016,17 Tahun  2019,aktif,,PEMULA,3502090014,3502090014,2019-07-04 02:42:17,2021-05-06 15:18:54
3502090015,3502090,3502,1562206841,1562206841,BERKAH MAKMUR,2015,Desa ronosentanan,,6 tahun 2015,3 tahun 2015,aktif,,PEMULA,3502090015,3502090015,2019-07-04 02:20:41,2020-12-28 02:42:06
3502090016,3502090,3502,1549653063,1549653063,SEJAHTERA,2016,DESA TAJUG,,PERDES NO 08 TAHUN 2016,-,aktif,,PEMULA,35,3502090016,2019-02-09 02:11:03,2021-03-11 10:35:46
3502100001,3502100,3502,1549653033,1549653033,NGASINAN MAKMUR,2016,,,No. 04 Tahun 2016,-,aktif,,PEMULA,35,35,2019-02-09 02:10:33,2019-02-09 02:10:33
3502100002,3502100,3502,1549653034,1549653034,MITRA PUSPITA,2016,Balai desa Kutukulon,,No 03 Tahun 2016,-,aktif,,PEMULA,35,35,2019-02-09 02:10:34,2019-02-09 02:10:34
3502100003,3502100,3502,1549653035,1549653035,KUTUWETAN MANDIRI,2016,Desa Kutuwetan,,No. 05 Tahun 2016,-,aktif,,PEMULA,35,35,2019-02-09 02:10:35,2019-02-09 02:10:35
3502100004,3502100,3502,1549653036,1549653036,AS-SA'ADAH,2015,Kradenan jetis ponorogo,,Nomer 12 tahun 2015,19 TAHUN 2015,aktif,,PEMULA,35,3502100004,2019-02-09 02:10:36,2021-06-18 02:29:40
3502100005,3502100,3502,1549653037,1549653037,MUDJI RAHAYU,2016,Desa Mojomati,,No. 12 Tahun 2016,-,aktif,,PEMULA,35,35,2019-02-09 02:10:37,2019-02-09 02:10:37
3502100006,3502100,3502,1549653038,1549653038,RUKUN SANTOSO,2016,Balai desa Coper,,No. 03 Tahun 2016,-,aktif,,PEMULA,35,35,2019-02-09 02:10:38,2019-02-09 02:10:38
3502100007,3502100,3502,1549653039,1549653039,KARYO MANUNGGAL,2016,Desa Mojorejo,,No 03 Tahun 2016,-188.4/34/405.32.17/09/2019,aktif,,PEMULA,35,3502100007,2019-02-09 02:10:39,2020-11-02 13:46:05
3502100008,3502100,3502,1549653040,1549653040,GEBANG TINATAR,2016,Balai desa Karanggebang,,No 03 Tahun 2016,-,aktif,,PEMULA,35,35,2019-02-09 02:10:40,2019-02-09 02:10:40
3502100009,3502100,3502,1549653041,1549653041,JETIS SUKA MAJU,2016,Balai Desa Jetis,,No 06 Tahun 2016,"-36 Tanggal 10 November 2016, 36 Tanggal 10 November 2020 (Tentang Pergantian Pengurus Bumdes)",aktif,,PEMULA,35,3502100009,2019-02-09 02:10:41,2021-02-10 04:03:26
3502100010,3502100,3502,1549653042,1549653042,MULYA SARI,2016,Desa Tegalsari,,No 03 Tahun 2016,188.04/19/405.32.17.10/2018,aktif,,PEMULA,35,3502100010,2019-02-09 02:10:42,2020-02-10 23:42:21
3502100011,3502100,3502,1568808410,1568808410,ANUGERAH JAYA,2016,"Jl. Jend. Sudirman 381 
Desa Wonoketro, Kecamatan jetis, Kabupaten Ponorogo",,No 05 Tahun 2016,188.4/ 26 /405.30.17.11/2016,aktif,,PEMULA,35,3502100011,2019-02-09 02:10:43,2019-09-18 12:06:50
3502100012,3502100,3502,1549653044,1549653044,PUTRA MANDIRI,2015,Desa Josari,,No. 05 Tahun 2015,-,aktif,,PEMULA,35,35,2019-02-09 02:10:44,2019-02-09 02:10:44
3502100013,3502100,3502,1568266794,1568266794,TURI BERKEMBANG,2016,"Jalan Sunan Kalijaga No.12 Dusun Turi 1, Desa Turi, Kecamatan Jetis, Kabupaten Ponorogo, Jawa Timur",,NO.5 TAHUN 2016,NOMOR 188.4/24/405.32.17.12/2016,aktif,,PEMULA,3502100013,3502100013,2019-09-12 05:39:54,2019-09-12 05:39:54
3502100014,3502100,3502,1549653046,1549653046,WINONG AL-FAZZA,2018,Desa Winong,,No 05 Tahun 2017,-,aktif,,PEMULA,35,3502100014,2019-02-09 02:10:46,2020-01-20 09:32:50
3502110001,3502110,3502,1549653065,1549653065,AMANAH,2016,,,04 Tahun 2016,-,aktif,,PEMULA,35,35,2019-02-09 02:11:05,2019-02-09 02:11:05
3502110002,3502110,3502,1549653066,1549653066,NGUDI BERKAH,2016,,,04 Tahun 2016,-,aktif,,PEMULA,35,3502110002,2019-02-09 02:11:06,2020-01-28 04:16:02
3502110003,3502110,3502,1549653067,1549653067,MARGO MUKTI,2016,,,02 Tahun 2016,-,aktif,,PEMULA,35,35,2019-02-09 02:11:07,2019-02-09 02:11:07
3502110004,3502110,3502,1549653068,1549653068,MAKMUR ABADI,2016,Desa Ngendut,,04 Tahun 2016,39-TAHUN 2019,aktif,,PEMULA,35,3502110004,2019-02-09 02:11:08,2019-11-26 04:06:46
3502110005,3502110,3502,1549653069,1549653069,KARANGPATIHAN BANGKIT,2016,Desa Krangpatihan,,04 Tahun 2016,-,aktif,,PEMULA,35,35,2019-02-09 02:11:09,2019-02-09 02:11:09
3502110006,3502110,3502,1549653070,1549653070,SUMBER REJEKI LESTARI,2016,Desa Sumberejo,,05 Tahun 2016,-,aktif,,PEMULA,35,35,2019-02-09 02:11:10,2019-02-09 02:11:10
3502110007,3502110,3502,1549653071,1549653071,NGUMPUL AGAWE SANTOSO,2016,Desa Ngumpul,,03 Tahun 2016,-,aktif,,PEMULA,35,3502110007,2019-02-09 02:11:11,2020-03-09 04:19:42
3502110008,3502110,3502,1549653072,1549653072,NGUDI MULYO,2016,Desa Ngraket,,04 Tahun 2016,-,aktif,,PEMULA,35,35,2019-02-09 02:11:12,2019-02-09 02:11:12
3502110009,3502110,3502,1549653073,1549653073,TRI MULYO,2016,Desa Dadapan,,,-,aktif,,PEMULA,35,35,2019-02-09 02:11:13,2019-02-09 02:11:13
3502110010,3502110,3502,1549653074,1549653074,SIDO RUKUN,2016,Desa Singkil,,04 Tahun 2016,       Tahun 2016,aktif,,PEMULA,35,3502110010,2019-02-09 02:11:14,2021-05-10 03:14:07
3502110011,3502110,3502,1549653075,1549653075,MAJU MAKMUR,2016,Desa Karangan,,04,06,aktif,,PEMULA,35,3502110011,2019-02-09 02:11:15,2020-03-16 15:19:13
3502110012,3502110,3502,1549653076,1549653076,SUMBER REJEKI ,2016,Desa Bajang,,04 Tahun 2016,-,aktif,,PEMULA,35,35,2019-02-09 02:11:16,2019-02-09 02:11:16
3502110013,3502110,3502,1549653077,1549653077,SIDO MAKMUR,2016,,,04 Tahun 2016,-,aktif,,PEMULA,35,35,2019-02-09 02:11:17,2019-02-09 02:11:17
3502110014,3502110,3502,1549653078,1549653078,SUMBER MAKMUR,2016,JL Bhayangkara Rt 01/01 Dusun Medelan,,421.6/35/405.30.10/14/2016,-,aktif,,PEMULA,35,3502110014,2019-02-09 02:11:18,2020-03-10 03:29:03
3502110015,3502110,3502,1549653079,1549653079,SUKSES MAKMUR ABADI,2016,Desa Karangmojo,,06 Tahun 2016,-,aktif,,PEMULA,35,3502110015,2019-02-09 02:11:19,2020-01-27 04:25:33
3502110016,3502110,3502,1549653080,1549653080,BERKAH MAKMUR ABADI,2016,Dukuh Krajan Desa Sedarat,, NOMOR 04 TAHUN 2016 ,-,aktif,,PEMULA,35,35,2019-02-09 02:11:20,2019-02-09 02:11:20
3502110017,3502110,3502,1549653081,1549653081,JAYA ABADI,2016,Jl. Raya Purworejo,, NOMOR 04 TAHUN 2016 ,-09 Tahun 2016,aktif,,PEMULA,35,3502110017,2019-02-09 02:11:21,2021-06-24 05:54:55
3502110018,3502110,3502,1549653082,1549653082,SENTOSA JAYA ABADI,2016,Jl. Raya No. 18 Desa Tatung Kecamatan Balong Kabupaten Ponorogo,,04 Tahun 2016,14 Tahun 2016,aktif,,PEMULA,35,3502110018,2019-02-09 02:11:22,2021-06-28 03:36:21
3502110019,3502110,3502,1549653083,1549653083,MAJU LESTARI,2016,Jl. Raya muneng,,4Tahun 2016,-,aktif,,PEMULA,35,35,2019-02-09 02:11:23,2019-02-09 02:11:23
3502110020,3502110,3502,1549653085,1549653085,SEKAR WANGI,2016,Desa Ngampel,,03 Tahun 2016,-,aktif,,PEMULA,35,35,2019-02-09 02:11:25,2019-02-09 02:11:25
3502120001,3502120,3502,1549653086,1549653086,TEGALOMBO,2015,DESA TEGALOMBO,,Perdes No. 4 Tahun 2015,-,aktif,,PEMULA,35,35,2019-02-09 02:11:26,2019-02-09 02:11:26
3502120002,3502120,3502,1549653087,1549653087,NONGKODONO,2015,Desa Nongkodono,,No. 6 2015,-,aktif,,PEMULA,35,35,2019-02-09 02:11:27,2019-02-09 02:11:27
3502120003,3502120,3502,1549653088,1549653088,SUKOSARI,2015,DESA SUKOSARI,,Perdes No. 4 Tahun 2015,-,aktif,,PEMULA,35,35,2019-02-09 02:11:28,2019-02-09 02:11:28
3502120004,3502120,3502,1549653089,1549653089,NGRANDU,2016,DESE NGRANDU,,Perdes No. 6 Tahun 2015,-,aktif,,PEMULA,35,35,2019-02-09 02:11:29,2019-02-09 02:11:29
3502120005,3502120,3502,1549653090,1549653090,NGLARANGAN,2015,DESA NGLARANGAN,,Perdes No. 5 Tahun 2015,-,aktif,,PEMULA,35,35,2019-02-09 02:11:30,2019-02-09 02:11:30
3502120006,3502120,3502,1549653091,1549653091,BRINGIN,2015,DESA BRINGIN,,Perdes No. 4 Tahun 2015,-,aktif,,PEMULA,35,35,2019-02-09 02:11:31,2019-02-09 02:11:31
3502120007,3502120,3502,1549653092,1549653092,PENGKOL,2016,DESA PENGKOL,,Perdes No. 3 Tahun 2016,-,aktif,,PEMULA,35,35,2019-02-09 02:11:32,2019-02-09 02:11:32
3502120008,3502120,3502,1549653093,1549653093,GABEL,2015,Desa Gabel,,No. 7 Tahun 2015,-,aktif,,PEMULA,35,35,2019-02-09 02:11:33,2019-02-09 02:11:33
3502120009,3502120,3502,1549653094,1549653094,CILUK,2015,Ciluk,,No. 5 Tahun 2015,-,aktif,,PEMULA,35,35,2019-02-09 02:11:34,2019-02-09 02:11:34
3502120010,3502120,3502,1549653095,1549653095,SEMANDING,2015,Semanding,,No. 9 Tahun 2015,-,aktif,,PEMULA,35,35,2019-02-09 02:11:35,2019-02-09 02:11:35
3502120011,3502120,3502,1549653096,1549653096,TOSANAN,2015,Tosanan,,No. 8 Tahun 2015,-,aktif,,PEMULA,35,35,2019-02-09 02:11:36,2019-02-09 02:11:36
3502120012,3502120,3502,1549653097,1549653097,MARON,2015,Maron,,No. 10 Tahun 2015,-,aktif,,PEMULA,35,3502120012,2019-02-09 02:11:37,2019-10-21 02:35:21
3502120013,3502120,3502,1549653098,1549653098,SOMOROTO,2015,Somoroto,,No. 10 Tahun 2015,-,aktif,,PEMULA,35,35,2019-02-09 02:11:38,2019-02-09 02:11:38
3502120014,3502120,3502,1549653099,1549653099,PLOSOJENAR,2015,Desa Plosojenar,,No. 37 Tahun 2015,-,aktif,,PEMULA,35,35,2019-02-09 02:11:39,2019-02-09 02:11:39
3502120015,3502120,3502,1549653100,1549653100,CARAT,2015,Desa Carat,,No. 6 Tahun 2015,-,aktif,,PEMULA,35,35,2019-02-09 02:11:40,2019-02-09 02:11:40
3502120016,3502120,3502,1549653101,1549653101,KAUMAN,2015,Desa Kauman,,No. 6 Tahun 2015,-,aktif,,PEMULA,35,35,2019-02-09 02:11:41,2019-02-09 02:11:41
3502130001,3502130,3502,1549653188,1549653188,BERIMAN,2016,DESA KREBET,,NO 06 TAHUN 2016,-,tidak,,PEMULA,35,35,2019-02-09 02:13:08,2019-02-09 02:13:08
3502130002,3502130,3502,1549653182,1549653182,SEJAHTERA,2016,DESA JONGGOL,,NO 3 TAHUN 2016,-,aktif,,PEMULA,35,35,2019-02-09 02:13:02,2019-02-09 02:13:02
3502130003,3502130,3502,1549653183,1549653183,CEMPOKO MULYO,2016,DESA POKO,,3 TAHUN 2016,4 TAHUN 2016,aktif,,PEMULA,35,3502130003,2019-02-09 02:13:03,2020-03-05 03:54:12
3502130004,3502130,3502,1549653186,1549653186,MARGO MULYO,2016,DESA BRINGINAN,,NO 4 TAHUN 2016,NO 4 TAHUN 2016,aktif,,PEMULA,35,3502130004,2019-02-09 02:13:06,2020-09-03 03:44:06
3502130005,3502130,3502,1549653185,1549653185,SENDANG MAKMUR,2016,DESA SENDANG,,NO 3 TAHUN 2016,-,tidak,,PEMULA,35,35,2019-02-09 02:13:05,2019-02-09 02:13:05
3502130006,3502130,3502,1549653187,1549653187,SIDO MULYO,2016,DESA KARANGLO KIDUL,,NO 05 TAHUN 2016,08 tahun 2018,aktif,,PEMULA,35,3502130006,2019-02-09 02:13:07,2020-03-03 05:55:11
3502130007,3502130,3502,1549653189,1549653189,AMANAH,2016,DESA BULU LOR,,NO 4 TAHUN 2016,-,aktif,,PEMULA,35,35,2019-02-09 02:13:09,2019-02-09 02:13:09
3502130008,3502130,3502,1549653190,1549653190,JAMBON MANDIRI,2016,DESA JAMBON,,NO 4 TAHUN 2016,-,aktif,,PEMULA,35,35,2019-02-09 02:13:10,2019-02-09 02:13:10
3502130009,3502130,3502,1549653191,1549653191,WAHANA KARYA SEJAHTERA,2016,DESA BLEMBEM,,NO 4 TAHUN 2016,-,tidak,,PEMULA,35,3502130009,2019-02-09 02:13:11,2021-07-08 07:13:11
3502130010,3502130,3502,1549653192,1549653192,MAJU LESTARI,2016,DESA PULOSARI,,NO 07 TAHUN 2016,-,aktif,,PEMULA,35,3502130010,2019-02-09 02:13:12,2020-01-30 03:31:25
3502130011,3502130,3502,1549653193,1549653193,NGUDI MAKMUR,2016,DESA MENANG,,NO 3 TAHUN 2016,no 08 tahun 2019,aktif,,PEMULA,35,3502130011,2019-02-09 02:13:13,2020-03-07 01:36:04
3502130012,3502130,3502,1549653194,1549653194,ARGO MAKMUR,2016,DESA SRANDIL,,NO 3 TAHUN 2016,-,aktif,,PEMULA,35,3502130012,2019-02-09 02:13:14,2020-03-05 03:49:12
3502130013,3502130,3502,1549653195,1549653195,KEDUNG SURU,2016,DESA SIDOHARJO,,NO 06 TAHUN 2016,NO 08 TAHUN 2018,aktif,,PEMULA,35,3502130013,2019-02-09 02:13:15,2020-03-05 03:45:06
3502140001,3502140,3502,1549653102,1549653102,MULYO RAHAYU,2015,Jl. Banyu Unut No. 1 Desa Dayakan,,No. 4 Tahun 2015,-,aktif,,PEMULA,35,35,2019-02-09 02:11:42,2019-02-09 02:11:42
3502140002,3502140,3502,1549653103,1549653103,LESTARI,2016,Jalan Bimo Suci Nomor 01,,2 Tahun 2016,144/22/405.32.8.06/2016,aktif,,PEMULA,35,3502140002,2019-02-09 02:11:43,2020-03-16 06:31:56
3502140003,3502140,3502,1549653105,1549653105,SRI TANJUNG,2016,Tanjunggunung Badegan,,4 Tahun 2016,-,aktif,,PEMULA,35,35,2019-02-09 02:11:45,2019-02-09 02:11:45
3502140004,3502140,3502,1549653106,1549653106,KARYA MAKMUR,2016,Jl. Brawijaya 73,,3 Tahun 2016,-,aktif,,PEMULA,35,35,2019-02-09 02:11:46,2019-02-09 02:11:46
3502140005,3502140,3502,1549653107,1549653107,SEKAR TANJUNG,2016,Jl. Raya Tanjungrejo 17,,3 Tahun 2016,05 TAHUN 2016,aktif,,PEMULA,35,3502140005,2019-02-09 02:11:47,2020-03-09 04:36:00
3502140006,3502140,3502,1549653108,1549653108,BANDAR MAKMUR,2016,Desa Bandaralim Badegan,,3 Tahun 2016,23 Tahun 2016,aktif,,PEMULA,35,3502140006,2019-02-09 02:11:48,2021-06-17 08:52:37
3502140007,3502140,3502,1549653109,1549653109,PENDOWO,2015,Jl. Pandawa 01,,4 Tahun 2015,-,aktif,,PEMULA,35,35,2019-02-09 02:11:49,2019-02-09 02:11:49
3502140008,3502140,3502,1549653112,1549653112,WAHYU WIBOWO,2016,Dusun Krajan Desa Badegan Kecamatan,,No. 3 Tahun 2016,-,aktif,,PEMULA,35,35,2019-02-09 02:11:52,2019-02-09 02:11:52
3502140009,3502140,3502,1549653110,1549653110,SELO GIRI,2016,Jl. Banyutowo 5,,3 Tahun 2015,-,aktif,,PEMULA,35,3502140009,2019-02-09 02:11:50,2021-04-25 14:40:17
3502140010,3502140,3502,1583933693,1583933693,MITRA WAHANA SEJAHTERA,2015,jl. Raya Ponorogo - Solo No. 01A,bumdesmitra@gmail.com,06 TAHUN 2015,25 TAHUN 2018,aktif,,PEMULA,3502140010,3502140010,2020-03-11 13:38:04,2020-12-02 15:43:47
3502150001,3502150,3502,1549653123,1549653123,BUMDES MARGO MULYO,2015,Desa Gelangkulon Kec. Sampung,,Perdes no 2 tahun 2015,-,aktif,,PEMULA,35,35,2019-02-09 02:12:03,2019-02-09 02:12:03
3502150002,3502150,3502,1549653124,1549653124,BUMDES SUMBER MULYO,2016,Desa Karangwaluh Kec. Sampung,,Perdes No. 03Tahun 2016,-,aktif,,PEMULA,35,35,2019-02-09 02:12:04,2019-02-09 02:12:04
3502150003,3502150,3502,1549653122,1549653122,BUMDES KARYA MANDIRI,2015,Desa Glinggang Kec. Sampung,,Perdes No. 04Tahun 2015,-,aktif,,PEMULA,35,35,2019-02-09 02:12:02,2019-02-09 02:12:02
3502150004,3502150,3502,1549653118,1549653118,BUMDES RejoMulyo,2015,Desa Carangrejo Kec. Sampung,,Perdes No. 08Tahun 2015,8 Tahun 2015,aktif,,PEMULA,35,3502150004,2019-02-09 02:11:58,2020-01-20 05:00:06
3502150005,3502150,3502,1549653117,1549653117,BUMDES MAJU MAKMUR,2016,Desa Tulung Kec. Sampung,,Perdes No. 04Tahun 2016,-,aktif,,PEMULA,35,35,2019-02-09 02:11:57,2019-02-09 02:11:57
3502150006,3502150,3502,1549653120,1549653120,BUMDES DEWI KUNTI,2017,Desa Kunti Kecamatan Sampung,,,-,aktif,,PEMULA,35,35,2019-02-09 02:12:01,2019-02-09 02:12:01
3502150007,3502150,3502,1549653119,1549653119,BUMDES MAJU MAPAN,2015,Desa Pagerukir Kec. Sampung,,Perdes No. 06Tahun 2015,-,aktif,,PEMULA,35,35,2019-02-09 02:11:59,2019-02-09 02:11:59
3502150008,3502150,3502,1549653114,1549653114,BUMDES MARGO MULYO,2015,Desa Pohijo Kec. Sampung,,No. 06 Tahun 2015,-,aktif,,PEMULA,35,35,2019-02-09 02:11:54,2019-02-09 02:11:54
3502150009,3502150,3502,1549653115,1549653115,BUMDES SUMBER MAKMUR,2016,Desa Jenangan Kec. Sampung,,Perdes No. 04Tahun 2016,-,aktif,,PEMULA,35,3502150009,2019-02-09 02:11:55,2020-10-23 02:59:59
3502150010,3502150,3502,1549653116,1549653116,BUMDES SUMBER LESTARI,2015,Desa Nglurup Kec. Sampung ,,Perdes No. 23Tahun 2015,Keputusan Kepala Desa Nglurup Nomor 28 Tahun 2018,aktif,,PEMULA,35,3502150010,2019-02-09 02:11:56,2020-10-14 04:15:56
3502150011,3502150,3502,1549653113,1549653113, MARGO LANCAR,2015,Desa Sampung Kec. Sampung,,Perdes No. 7 Tahun 2015,-,aktif,,PEMULA,35,3502150011,2019-02-09 02:11:53,2020-10-14 05:51:52
3502150012,3502150,3502,1549653125,1549653125,BUMDES RINGIN MULYA,2015,Desa Ringin Putih Kec. Sampung,,Perdes Nomor 5 tahun 2015,-,aktif,,PEMULA,35,3502150012,2019-02-09 02:12:05,2020-11-23 04:38:45
3502160001,3502160,3502,1549653144,1549653144,MEKAR SARI,2014,DESA MOROSARI,,Perdes No.3 Tahun 2014,-,aktif,,PEMULA,35,35,2019-02-09 02:12:24,2019-02-09 02:12:24
3502160002,3502160,3502,1549653143,1549653143,SEJAHTERA,2016,,,Perdes No.5 Tahun 2016,-,tidak,,PEMULA,35,35,2019-02-09 02:12:23,2019-02-09 02:12:23
3502160003,3502160,3502,1549653142,1549653142,MAKMUR ABADI,2012,DESA KALIMALANG,,Perdes No.1 Tahun 2015,-,tidak,,PEMULA,35,35,2019-02-09 02:12:22,2019-02-09 02:12:22
3502160004,3502160,3502,1549653138,1549653138,SUBUR MAKMUR,2012,,,Perdes No.15 Tahun 2016,-,tidak,,PEMULA,35,35,2019-02-09 02:12:18,2019-02-09 02:12:18
3502160005,3502160,3502,1549653141,1549653141,NGUDI PEKERTI,2012,DESA GANDUKEPUH,,Perdes No.4 Tahun 2014,-,tidak,,PEMULA,35,35,2019-02-09 02:12:21,2019-02-09 02:12:21
3502160006,3502160,3502,1549653129,1549653129,REJO MAKMUR,2012,DESA NAMBANGREJO,,Perdes No.7 Tahun 2016,-,tidak,,PEMULA,35,35,2019-02-09 02:12:09,2019-02-09 02:12:09
3502160007,3502160,3502,1549653130,1549653130,LENGKONG SEJAHTERA,2012,DESA LENGKONG,,Perdes No.4 Tahun 2014,-,aktif,,PEMULA,35,35,2019-02-09 02:12:10,2019-02-09 02:12:10
3502160008,3502160,3502,1549653135,1549653135,MANUNGGAL MAKMUR,2012,DESA GOLAN,,Perdes No.4 Tahun 2014,-,aktif,,PEMULA,35,35,2019-02-09 02:12:15,2019-02-09 02:12:15
3502160009,3502160,3502,1549653127,1549653127,KARYA SENTOSA,2015,DESA BANGUNREJO,,Perdes No.2 Tahun 2015,-,tidak,,PEMULA,35,35,2019-02-09 02:12:07,2019-02-09 02:12:07
3502160010,3502160,3502,1549653126,1549653126,SUKOREJO MAKMUR,2016,DESA SUKOREJO,,Perdes No.6 Tahun 2016,-,aktif,,PEMULA,35,35,2019-02-09 02:12:06,2019-02-09 02:12:06
3502160011,3502160,3502,1549653133,1549653133,NAMPAN MAKMUR,2015,,,Perdes No.5 Tahun 2015,"188,45/13/405,32,6,13.2015",aktif,,PEMULA,35,3502160011,2019-02-09 02:12:13,2020-11-09 03:04:32
3502160012,3502160,3502,1549653134,1549653134,MANDIRI SEJAHTERA,2015,DESA KRANGGAN,,Perdes No.4 Tahun 2014,-,aktif,,PEMULA,35,3502160012,2019-02-09 02:12:14,2021-06-16 04:30:18
3502160013,3502160,3502,1549653131,1549653131,MADEP MANTEB,2016,,,Perdes No.15 Tahun 2016,-,aktif,,PEMULA,35,35,2019-02-09 02:12:11,2019-02-09 02:12:11
3502160014,3502160,3502,1568381996,1568381996,MANGGE RAHAYU,2016,"Desa Sidorejo, Kecamatan Sukorejo, Kabupaten Ponorogo",,Perdes No.4 Tahun 2016,-,aktif,,PEMULA,35,3502160014,2019-02-09 02:12:08,2019-09-13 13:39:56
3502160015,3502160,3502,1549653140,1549653140,BERKAH SUBUR,2015,,,Perdes No.2 Tahun 2015,-,aktif,,PEMULA,35,35,2019-02-09 02:12:20,2019-02-09 02:12:20
3502160016,3502160,3502,1549653136,1549653136,MAJU MAKMUR,2016,PRAJEGAN,,Perdes No.3 Tahun 2016,-,aktif,,PEMULA,35,35,2019-02-09 02:12:16,2019-02-09 02:12:16
3502160017,3502160,3502,1549653132,1549653132,BANGUN PERSADA,2016,BALAI DESA SERANGAN,,Perdes No.4 Tahun 2016,-,aktif,,PEMULA,35,35,2019-02-09 02:12:12,2019-02-09 02:12:12
3502160018,3502160,3502,1549653137,1549653137,WARGA MAKMUR,2015,,,Perdes No.6 Tahun 2015,-,aktif,,PEMULA,35,35,2019-02-09 02:12:17,2019-02-09 02:12:17
3502180002,3502180,3502,1549653145,1549653145,MANDIRI SEJAHTERA,2016,kantor pemdes desa CEKOK,,nomer 2 tahun 2016,188.4/43/405.32.03.06/2019,aktif,adart-1622208378-3502180002.pdf,PEMULA,35,3502180002,2019-02-09 02:12:25,2021-05-28 12:46:34
3502180005,3502180,3502,1549653146,1549653146,JAYA DIPA,2016,BALAIDESA JAPAN,,04/2017,-,aktif,,PEMULA,35,35,2019-02-09 02:12:26,2019-02-09 02:12:26
3502180006,3502180,3502,1562205533,1562205533,SIDOMUKTI,2015,Jl. S. Sukowati Gupolo Babadan Ponorogo,,09/2015,Sk kepala desa,aktif,,PEMULA,3502180006,3502180006,2019-07-04 01:58:53,2019-07-04 01:58:53
3502180007,3502180,3502,1549653148,1549653148,WIRYONEGORO,2015,JL CEMPAKA POLOREJO,,NO 06/2015,-,aktif,,PEMULA,35,35,2019-02-09 02:12:28,2019-02-09 02:12:28
3502180008,3502180,3502,1549653149,1549653149,MIITRA ABADI,2016,BALAI DESA BARENG,,04/2016,-,aktif,,PEMULA,35,35,2019-02-09 02:12:29,2019-02-09 02:12:29
3502180009,3502180,3502,1549653150,1549653150,ARROYYAN,2019,Jl. Syuhada Ngunut Babadan Ponorogo,,16 tahun 2019,-No : 31 tahun 2019,aktif,,PEMULA,35,3502180009,2019-02-09 02:12:30,2020-02-02 14:42:00
3502180010,3502180,3502,1549653151,1549653151,SUKO MAKARYO,2017,Jl. Raya Ponorogo-Magetan. Dusun Danyang Desa Sukosari Kecamatan Babadan Kabupaten Ponorogo,,03 Tahun 2017,-188.4/31/405.30.3.10/2017,aktif,,PEMULA,35,3502180010,2019-02-09 02:12:31,2020-03-18 03:56:15
3502180011,3502180,3502,1549653152,1549653152,MITRA MANDIRI,2016,BALAI DESA LEMBAH. JL.KRISNA,,04/2016,-,aktif,,PEMULA,35,35,2019-02-09 02:12:32,2019-02-09 02:12:32
3502180012,3502180,3502,1549653153,1549653153,SUMBER KAHURIPAN,2015,BALAI DESA PONDOK,,PERDES NOMOR 05 TAHUN 2015,188.4/45/405.30.16.12/2019,aktif,,PEMULA,35,3502180012,2019-02-09 02:12:33,2021-03-13 04:41:25
3502180013,3502180,3502,1549653154,1549653154,SIDO MUKTI JAYA MANDIRI,2016,Jl. Raya Madiun- Ponorogo,,No 03/ 2016,-,aktif,,PEMULA,35,35,2019-02-09 02:12:34,2019-02-09 02:12:34
3502180014,3502180,3502,1549653156,1549653156,HUSADA MANDIRI,2012,KANTOR DESA PURWOSARI,,03/2015,-,aktif,,PEMULA,35,35,2019-02-09 02:12:36,2019-02-09 02:12:36
3502180015,3502180,3502,1549653157,1549653157,AMANAH,2016,BALAI KANTOR DESA TRISONO,,NO 06/2016,188.4/21/405.30.3/15/2016,aktif,,PEMULA,35,3502180015,2019-02-09 02:12:37,2021-03-20 03:21:41
3502190001,3502190,3502,1549653158,1549653158,BAROKAH,2016,Desa Mrican,,No. 3 tahun 2016,-,aktif,,PEMULA,35,3502190001,2019-02-09 02:12:38,2020-01-27 04:17:42
3502190004,3502190,3502,1549653159,1549653159,AYO MUKTI BARENG,2016,Desa plalangan,,No. 5 tahun 201,-,aktif,,PEMULA,35,35,2019-02-09 02:12:39,2019-02-09 02:12:39
3502190005,3502190,3502,1549653163,1549653163,MAKMUR BERSAMA,2015,Desa Ngrupit,,No. 11 tahun 2015,-,aktif,,PEMULA,35,35,2019-02-09 02:12:43,2019-02-09 02:12:43
3502190006,3502190,3502,1549653165,1549653165,WIJOYO  MAKMUR,2012,Desa Sedah,,N0. 3 tahun 2017,-,tidak,,PEMULA,35,3502190006,2019-02-09 02:12:45,2020-03-10 03:29:49
3502190007,3502190,3502,1549653164,1549653164,MANUNGGAL JAYA,2016,Desa Pintu,,No. 01 tahun 2016,-,aktif,,PEMULA,35,35,2019-02-09 02:12:44,2019-02-09 02:12:44
3502190008,3502190,3502,1549653166,1549653166,PANJENG BANGKIT,2017,Desa panjeng,,N0. 8 tahun 2016,-,aktif,,PEMULA,35,35,2019-02-09 02:12:46,2019-02-09 02:12:46
3502190009,3502190,3502,1562417864,1562417864,MUKTI ABADI,2016,desa jimbe kecamatan jenangan kabupaten ponorogo jawa timur,,No. 4 tahun 2016,7/2016,aktif,,PEMULA,3502190009,3502190009,2019-07-06 12:57:44,2020-02-29 13:05:27
3502190010,3502190,3502,1549653161,1549653161,REZEKI BAROKAH,2015,Desa Jenangan,,No.02 tahun 2015,-,aktif,,PEMULA,35,3502190010,2019-02-09 02:12:41,2020-01-21 04:10:27
3502190011,3502190,3502,1549653167,1549653167,SRATEN BANGKIT,2016,Desa Sraten,,No. 07 tahun 2016,470/230/405.32.02.12/2018,aktif,,PEMULA,35,3502190011,2019-02-09 02:12:47,2020-01-27 14:37:26
3502190012,3502190,3502,1549653173,1549653173,MEKARSARI,2016,Desa kemiri,,No. 06 tahun 2016,-,aktif,,PEMULA,35,35,2019-02-09 02:12:53,2019-02-09 02:12:53
3502190013,3502190,3502,1549653168,1549653168,SEMANDING RAHAYU,2016,Desa Semanding,,No. 07 tahun 2016,09 Tahun 2016-,aktif,,PEMULA,35,3502190013,2019-02-09 02:12:48,2020-01-21 05:08:02
3502190014,3502190,3502,1549653169,1549653169,SRI TANJUNG,2016,Desa Tanjungsari,,No. 3 tahun 2016,-,aktif,,PEMULA,35,35,2019-02-09 02:12:49,2019-02-09 02:12:49
3502190015,3502190,3502,1549653160,1549653160,REJEKI MAKMUR,2016,Desa Nglayang,,No. 5 tahun 2016,-,aktif,,PEMULA,35,35,2019-02-09 02:12:40,2019-02-09 02:12:40
3502190016,3502190,3502,1549653170,1549653170,PARINGAN MADU,2016,Desa paringan,,No.5 tahun 2016,-,aktif,,PEMULA,35,35,2019-02-09 02:12:50,2019-02-09 02:12:50
3502190017,3502190,3502,1549653172,1549653172,TAMAN DEWA,2016,Desa Wates,,No. 4 tahun 2016,No 13 Tahun 2016,aktif,,PEMULA,35,3502190017,2019-02-09 02:12:52,2020-01-29 05:44:13
3502200001,3502200,3502,1549653174,1549653174,BERKAH ABADI,2015,Jalan Uloh Sewu No. 02 Desa Ngrogung Kec. Ngebel Kab. Ponorogo,,08 TAHUN 2015,-,aktif,,PEMULA,35,3502200001,2019-02-09 02:12:54,2021-03-25 14:36:54
3502200002,3502200,3502,1549653175,1549653175,MAJU SEJAHTERA,2015,Kantor Desa Sahang Jalan Raya Ngebel - Dolopo ,,NOMOR 04 TAHUN 2015,NOMOR 06 Thun 2015,aktif,,PEMULA,35,3502200002,2019-02-09 02:12:55,2020-12-15 04:14:55
3502200003,3502200,3502,1549653176,1549653176,MUKTI ABADI,2014,KANTOR DESA WAGIR LOR,,NO 1 tahun 2014,-,aktif,,PEMULA,35,35,2019-02-09 02:12:56,2019-02-09 02:12:56
3502200004,3502200,3502,1549653177,1549653177,SUMBER URIP,2015,KANTOR DESA TALUN,,04 TAHUN 2015,-,aktif,,PEMULA,35,35,2019-02-09 02:12:57,2019-02-09 02:12:57
3502200005,3502200,3502,1549653178,1549653178,MITRA ARTHA SEJAHTERA,2015,KANTOR DESA GONDOWIDO,,04 TAHUN 2015,35,aktif,,PEMULA,35,3502200005,2019-02-09 02:12:58,2021-07-12 02:04:24
3502200006,3502200,3502,1549653179,1549653179,SUMBER MAKMUR,2015,KANTOR DESA PUPUS,,NOMOR 04 TAHUN 2015,-,aktif,,PEMULA,35,3502200006,2019-02-09 02:12:59,2020-11-15 16:42:06
3502200007,3502200,3502,1549653180,1549653180,BAROKAH,2015,Jalan Pahlawan No 01 Ngebel,,NOMOR 04 TAHUN 2015,141/10/405.32.19.02/2018,aktif,,PEMULA,35,3502200007,2019-02-09 02:13:00,2020-12-03 06:00:47
3502200008,3502200,3502,1549653181,1549653181,BUMDES MANUNGGAL,2015,KANTOR DESA SEMPU,,NOMOR 04 TAHUN 2015,-,aktif,,PEMULA,35,35,2019-02-09 02:13:01,2019-02-09 02:13:01
