kd_desa,kd_kecamatan,kd_kabupaten,id_date,jenis,komoditas,luas_lahan_produksi,lahan_milik,hasil_produksi,satuan,created_by,updated_by,created_at,updated_at
3502010003,3502010,3502,1626559841,pertanian-pangan,37,20.00,perorangan,200.00,1,3502010003,3502010003,2021-07-17 22:14:21,2021-07-17 22:14:21
3502010003,3502010,3502,1626560183,peternakan,151,5.00,perorangan,500.00,9,3502010003,3502010003,2021-07-17 22:18:58,2021-07-17 22:18:58
3502010003,3502010,3502,1626560369,peternakan,138,5.00,perorangan,1000.00,9,3502010003,3502010003,2021-07-17 22:20:03,2021-07-17 22:20:03
3502010003,3502010,3502,1626560408,peternakan,156,1.00,perorangan,10.00,9,3502010003,3502010003,2021-07-17 22:21:01,2021-07-17 22:21:01
3502010003,3502010,3502,1626560471,kehutanan,122,10.00,perorangan,1000.00,2,3502010003,3502010003,2021-07-17 22:22:12,2021-07-17 22:22:12
3502010003,3502010,3502,1626560542,kehutanan,127,5.00,perorangan,5000.00,2,3502010003,3502010003,2021-07-17 22:22:51,2021-07-17 22:22:51
3502010003,3502010,3502,1626560581,perkebunan,102,5.00,perorangan,1000.00,5,3502010003,3502010003,2021-07-17 22:23:42,2021-07-17 22:23:42
3502010003,3502010,3502,1626560628,pertanian-apotik,79,5.00,perorangan,2000.00,4,3502010003,3502010003,2021-07-17 22:24:20,2021-07-17 22:24:20
3502010003,3502010,3502,1626560667,pertanian-apotik,83,10.00,perorangan,10000.00,4,3502010003,3502010003,2021-07-17 22:24:53,2021-07-17 22:24:53
3502010003,3502010,3502,1626560698,pertanian-apotik,4,3.00,perorangan,500.00,4,3502010003,3502010003,2021-07-17 22:25:16,2021-07-17 22:25:16
3502010003,3502010,3502,1626560721,pertanian-apotik,82,3.00,perorangan,1000.00,4,3502010003,3502010003,2021-07-17 22:25:54,2021-07-17 22:25:54
3502010003,3502010,3502,1626560762,pertanian-apotik,89,3.00,perorangan,1000.00,4,3502010003,3502010003,2021-07-17 22:26:19,2021-07-17 22:26:19
3502010003,3502010,3502,1626560794,pertanian-pangan,2,2.00,perorangan,1000.00,1,3502010003,3502010003,2021-07-17 22:27:25,2021-07-17 22:27:25
3502010003,3502010,3502,1626560850,pertanian-pangan,15,1.00,perorangan,500.00,1,3502010003,3502010003,2021-07-17 22:28:00,2021-07-17 22:28:00
3502010003,3502010,3502,1626560884,pertanian-pangan,14,2.00,perorangan,200.00,1,3502010003,3502010003,2021-07-17 22:28:21,2021-07-17 22:28:21
3502010003,3502010,3502,1626560904,pertanian-pangan,21,2.00,perorangan,200.00,1,3502010003,3502010003,2021-07-17 22:28:38,2021-07-17 22:28:38
3502010003,3502010,3502,1626560922,pertanian-pangan,28,7.00,perorangan,5000.00,1,3502010003,3502010003,2021-07-17 22:29:12,2021-07-17 22:29:12
3502010003,3502010,3502,1626560957,pertanian-pangan,30,1.00,perorangan,300.00,1,3502010003,3502010003,2021-07-17 22:29:50,2021-07-17 22:29:50
3502010003,3502010,3502,1626560994,pertanian-pangan,36,10.00,perorangan,10000.00,1,3502010003,3502010003,2021-07-17 22:30:21,2021-07-17 22:30:21
3502010008,3502010,3502,1626316086,peternakan,151,5.00,perorangan,100.00,10,3502010008,3502010008,2021-07-15 02:29:13,2021-07-15 02:29:13
3502010009,3502010,3502,1602731042,peternakan,151,1.00,perorangan,100.00,15,3502010009,3502010009,2020-10-15 03:05:10,2020-10-15 03:06:08
3502020001,3502020,3502,1621398237,pertanian-pangan,28,0.00,perorangan,0.00,1,3502020001,3502020001,2021-05-19 04:25:04,2021-05-19 04:25:04
3502020011,3502020,3502,1608097110,pertanian-pangan,28,0.00,perorangan,0.00,1,3502020011,3502020011,2020-12-16 05:38:56,2020-12-16 05:38:56
3502020012,3502020,3502,1616117379,pertanian-pangan,2,0.00,perorangan,0.00,1,3502020012,3502020012,2021-03-19 01:30:08,2021-03-19 01:30:08
3502020012,3502020,3502,1616117415,pertanian-pangan,28,0.00,perorangan,0.00,1,3502020012,3502020012,2021-03-19 01:30:37,2021-03-19 01:30:37
3502020012,3502020,3502,1616117535,peternakan,137,0.00,perorangan,0.00,6,3502020012,3502020012,2021-03-19 01:32:25,2021-03-19 01:32:25
3502020012,3502020,3502,1616117549,peternakan,151,0.00,perorangan,0.00,6,3502020012,3502020012,2021-03-19 01:32:50,2021-03-19 01:32:50
3502020012,3502020,3502,1616117574,peternakan,156,0.00,perorangan,0.00,6,3502020012,3502020012,2021-03-19 01:33:05,2021-03-19 01:33:05
3502020012,3502020,3502,1616117592,peternakan,140,0.00,perorangan,0.00,6,3502020012,3502020012,2021-03-19 01:33:17,2021-03-19 01:33:17
3502020013,3502020,3502,1606363733,pertanian-pangan,2,93.00,perorangan,520.80,30,3502020013,3502020013,2020-11-26 04:13:21,2020-11-26 04:13:21
3502020013,3502020,3502,1606364017,pertanian-pangan,28,93.00,perorangan,1041.60,30,3502020013,3502020013,2020-11-26 04:14:20,2020-11-26 04:17:33
3502020013,3502020,3502,1606506086,peternakan,137,1.30,perorangan,146.00,14,3502020013,3502020013,2020-11-27 19:44:19,2020-12-16 06:52:24
3502020013,3502020,3502,1608101560,perikanan,182,0.14,perorangan,400.00,7,3502020013,3502020013,2020-12-16 06:54:49,2020-12-16 06:54:49
3502020013,3502020,3502,1608101719,perikanan,169,0.14,perorangan,200.00,7,3502020013,3502020013,2020-12-16 06:56:50,2020-12-16 06:56:50
3502020013,3502020,3502,1621913628,peternakan,152,1.00,pemerintah,150.00,6,3502020013,3502020013,2021-05-25 03:35:05,2021-05-25 03:35:05
3502020013,3502020,3502,1621913764,peternakan,151,1.00,perorangan,230.00,15,3502020013,3502020013,2021-05-25 03:37:14,2021-05-25 03:37:14
3502020015,3502020,3502,1603772503,pertanian-pangan,28,48.00,perorangan,672.00,30,3502020015,3502020015,2020-10-27 04:24:13,2020-10-27 04:24:13
3502020015,3502020,3502,1603772692,pertanian-pangan,2,48.00,perorangan,403.20,30,3502020015,3502020015,2020-10-27 04:26:28,2020-10-27 04:26:28
3502030007,3502030,3502,1602077569,pertanian-pangan,28,83.28,perorangan,468.99,30,3502030007,3502030007,2020-10-07 13:36:21,2020-10-07 13:36:21
3502030007,3502030,3502,1602077794,pertanian-pangan,2,249.00,perorangan,774.00,30,3502030007,3502030007,2020-10-07 13:39:35,2020-10-07 13:46:08
3502030007,3502030,3502,1602078054,pertanian-pangan,29,112.72,perorangan,450.88,30,3502030007,3502030007,2020-10-07 13:42:27,2020-10-07 13:42:27
3502030007,3502030,3502,1602078846,perikanan,186,1.00,pemerintah,2.00,22,3502030007,3502030007,2020-10-07 13:55:45,2020-10-08 01:23:37
3502030009,3502030,3502,1625844704,pertanian-buah,52,1.00,perorangan,300.00,3,3502030009,3502030009,2021-07-09 15:32:39,2021-07-09 15:32:39
3502030009,3502030,3502,1625844792,peternakan,140,0.10,perorangan,0.00,6,3502030009,3502030009,2021-07-09 15:33:41,2021-07-09 15:33:41
3502030009,3502030,3502,1625844829,peternakan,137,0.10,perorangan,9000.00,6,3502030009,3502030009,2021-07-09 15:34:51,2021-07-09 15:34:51
3502030009,3502030,3502,1625844898,peternakan,138,0.10,perorangan,200.00,6,3502030009,3502030009,2021-07-09 15:35:29,2021-07-09 15:37:24
3502030009,3502030,3502,1625844937,peternakan,151,0.10,perorangan,200.00,6,3502030009,3502030009,2021-07-09 15:36:14,2021-07-09 15:36:14
3502030009,3502030,3502,1625844980,peternakan,156,0.10,perorangan,1000.00,6,3502030009,3502030009,2021-07-09 15:36:59,2021-07-09 15:36:59
3502030009,3502030,3502,1625845053,perikanan,169,0.10,perorangan,500.00,7,3502030009,3502030009,2021-07-09 15:37:56,2021-07-09 15:38:10
3502030009,3502030,3502,1625845095,perikanan,182,0.10,perorangan,150.00,7,3502030009,3502030009,2021-07-09 15:39:02,2021-07-09 15:39:02
3502030009,3502030,3502,1625845154,pertanian-pangan,2,20.00,perorangan,0.00,1,3502030009,3502030009,2021-07-09 15:39:50,2021-07-09 15:39:50
3502040006,3502040,3502,1609991060,pertanian-pangan,28,98.00,perorangan,392.00,30,3502040006,3502040006,2021-01-07 04:01:26,2021-01-07 04:01:26
3502040006,3502040,3502,1609992492,pertanian-pangan,2,45.00,perorangan,315.00,30,3502040006,3502040006,2021-01-07 04:09:44,2021-01-07 04:09:44
3502040006,3502040,3502,1609992595,pertanian-pangan,18,2.00,perorangan,2.60,30,3502040006,3502040006,2021-01-07 04:12:09,2021-01-07 04:12:09
3502040006,3502040,3502,1609992838,pertanian-buah,54,14.00,perorangan,9.80,38,3502040006,3502040006,2021-01-07 04:22:31,2021-01-07 04:22:31
3502040006,3502040,3502,1609993378,pertanian-apotik,4,0.00,perorangan,0.00,4,3502040006,3502040006,2021-01-07 04:23:36,2021-01-07 04:23:36
3502040006,3502040,3502,1609993432,perkebunan,5,0.00,perorangan,0.00,5,3502040006,3502040006,2021-01-07 04:24:23,2021-01-07 04:24:23
3502040006,3502040,3502,1609993477,kehutanan,6,0.00,perorangan,0.00,2,3502040006,3502040006,2021-01-07 04:25:06,2021-01-07 04:25:06
3502040016,3502040,3502,1609056069,pertanian-pangan,28,2.00,perorangan,2.00,1,3502040016,3502040016,2020-12-27 08:02:27,2020-12-27 08:02:27
3502040016,3502040,3502,1609056191,pertanian-pangan,15,1.00,perorangan,20.00,1,3502040016,3502040016,2020-12-27 08:04:05,2020-12-27 08:04:05
3502040016,3502040,3502,1609056255,pertanian-pangan,2,2.00,perorangan,2.00,30,3502040016,3502040016,2020-12-27 08:04:49,2020-12-27 08:04:49
3502040016,3502040,3502,1609056298,pertanian-pangan,21,2.00,perorangan,26.00,1,3502040016,3502040016,2020-12-27 08:05:37,2020-12-27 08:05:37
3502040016,3502040,3502,1609056352,pertanian-buah,65,3.00,perorangan,1.00,38,3502040016,3502040016,2020-12-27 08:06:42,2020-12-27 08:06:42
3502040016,3502040,3502,1609056406,pertanian-buah,3,2.00,perorangan,1.00,38,3502040016,3502040016,2020-12-27 08:07:04,2020-12-27 08:07:04
3502040016,3502040,3502,1609056432,pertanian-buah,54,2.00,perorangan,1.00,38,3502040016,3502040016,2020-12-27 08:07:46,2020-12-27 08:07:46
3502040016,3502040,3502,1609056472,pertanian-buah,62,2.00,perorangan,56.00,3,3502040016,3502040016,2020-12-27 08:08:17,2020-12-27 08:08:17
3502040016,3502040,3502,1609056504,pertanian-buah,43,0.05,perorangan,50.00,3,3502040016,3502040016,2020-12-27 08:08:50,2020-12-27 08:08:50
3502040016,3502040,3502,1609056539,pertanian-buah,46,0.03,perorangan,20.00,3,3502040016,3502040016,2020-12-27 08:09:19,2020-12-27 08:09:19
3502040016,3502040,3502,1609056567,pertanian-buah,66,0.01,perorangan,50.00,3,3502040016,3502040016,2020-12-27 08:10:07,2020-12-27 08:10:07
3502040016,3502040,3502,1609056621,pertanian-apotik,4,2.00,perorangan,40.00,4,3502040016,3502040016,2020-12-27 08:10:40,2020-12-27 08:10:40
3502040016,3502040,3502,1609056643,pertanian-apotik,77,0.06,perorangan,20.00,4,3502040016,3502040016,2020-12-27 08:11:05,2020-12-27 08:11:05
3502040016,3502040,3502,1609056667,pertanian-apotik,79,2.00,perorangan,1.00,46,3502040016,3502040016,2020-12-27 08:11:29,2020-12-27 08:11:29
3502040016,3502040,3502,1609056692,pertanian-apotik,83,6.00,perorangan,2.00,46,3502040016,3502040016,2020-12-27 08:11:51,2020-12-27 08:11:51
3502040016,3502040,3502,1609056714,pertanian-apotik,82,0.08,perorangan,25.00,4,3502040016,3502040016,2020-12-27 08:12:33,2020-12-27 08:12:33
3502040016,3502040,3502,1609056756,pertanian-apotik,91,0.02,perorangan,100.00,4,3502040016,3502040016,2020-12-27 08:13:07,2020-12-27 08:13:07
3502040016,3502040,3502,1609056804,perkebunan,99,2.00,perorangan,1000.00,49,3502040016,3502040016,2020-12-27 08:14:15,2020-12-27 08:14:15
3502040016,3502040,3502,1609056858,perkebunan,5,2.00,perorangan,100.00,48,3502040016,3502040016,2020-12-27 08:14:48,2020-12-27 08:14:48
3502040016,3502040,3502,1609056898,perkebunan,95,0.20,perorangan,20.00,5,3502040016,3502040016,2020-12-27 08:15:27,2020-12-27 08:15:27
3502040016,3502040,3502,1609056933,kehutanan,7,2.00,perorangan,1000.00,2,3502040016,3502040016,2020-12-27 08:16:07,2020-12-27 08:16:07
3502040016,3502040,3502,1609056971,kehutanan,119,2.00,perorangan,1000.00,2,3502040016,3502040016,2020-12-27 08:16:46,2020-12-27 08:16:46
3502040016,3502040,3502,1609057010,kehutanan,122,0.05,perorangan,50.00,2,3502040016,3502040016,2020-12-27 08:17:15,2020-12-27 08:17:15
3502040016,3502040,3502,1609057040,peternakan,138,1.00,perorangan,1000.00,10,3502040016,3502040016,2020-12-27 08:17:59,2020-12-27 08:17:59
3502040016,3502040,3502,1609057084,peternakan,151,5.00,perorangan,5.00,6,3502040016,3502040016,2020-12-27 08:18:35,2020-12-27 08:19:01
3502040016,3502040,3502,1609057144,peternakan,156,5.00,perorangan,56.00,10,3502040016,3502040016,2020-12-27 08:19:44,2020-12-27 08:19:44
3502040016,3502040,3502,1609057187,peternakan,154,1.00,perorangan,75.00,11,3502040016,3502040016,2020-12-27 08:20:13,2020-12-27 08:20:13
3502040016,3502040,3502,1609057216,peternakan,149,1.00,perorangan,1000.00,10,3502040016,3502040016,2020-12-27 08:20:32,2020-12-27 08:20:32
3502040016,3502040,3502,1609057250,perikanan,182,1.00,perorangan,1000.00,7,3502040016,3502040016,2020-12-27 08:21:19,2020-12-27 08:21:19
3502040016,3502040,3502,1609057282,perikanan,186,1.00,perorangan,50.00,7,3502040016,3502040016,2020-12-27 08:21:54,2020-12-27 08:21:54
3502050001,3502050,3502,1625739426,pertanian-pangan,2,0.00,perorangan,20.00,30,3502050001,3502050001,2021-07-08 10:18:19,2021-07-08 14:16:04
3502050001,3502050,3502,1625739510,perkebunan,5,300.00,perorangan,300.00,5,3502050001,3502050001,2021-07-08 10:19:12,2021-07-08 10:19:12
3502050001,3502050,3502,1625739561,peternakan,151,0.00,perorangan,1000.00,15,3502050001,3502050001,2021-07-08 10:20:18,2021-07-08 14:20:13
3502050001,3502050,3502,1625743223,perkebunan,99,500.00,perorangan,5.00,54,3502050001,3502050001,2021-07-08 11:21:27,2021-07-08 11:21:27
3502050001,3502050,3502,1625743335,peternakan,156,0.00,perorangan,200.00,15,3502050001,3502050001,2021-07-08 11:22:59,2021-07-08 14:20:32
3502050001,3502050,3502,1625743535,pertanian-pangan,20,0.00,perorangan,1.00,30,3502050001,3502050001,2021-07-08 11:26:08,2021-07-08 14:16:23
3502050001,3502050,3502,1625743600,pertanian-pangan,28,0.00,perorangan,5.00,30,3502050001,3502050001,2021-07-08 11:29:54,2021-07-08 11:29:54
3502050001,3502050,3502,1625743797,pertanian-pangan,36,0.00,perorangan,15.00,30,3502050001,3502050001,2021-07-08 11:30:23,2021-07-08 11:30:23
3502050001,3502050,3502,1625743826,pertanian-pangan,18,0.00,perorangan,1.00,30,3502050001,3502050001,2021-07-08 11:31:04,2021-07-08 14:16:46
3502050001,3502050,3502,1625743896,pertanian-pangan,15,0.00,perorangan,500.00,29,3502050001,3502050001,2021-07-08 11:32:00,2021-07-08 14:15:38
3502050001,3502050,3502,1625743933,pertanian-buah,3,0.00,perorangan,5.00,38,3502050001,3502050001,2021-07-08 11:32:26,2021-07-08 11:32:26
3502050001,3502050,3502,1625743950,pertanian-buah,54,0.00,perorangan,10.00,38,3502050001,3502050001,2021-07-08 11:32:55,2021-07-08 11:32:55
3502050001,3502050,3502,1625743978,pertanian-buah,65,0.00,perorangan,1500.00,33,3502050001,3502050001,2021-07-08 11:33:47,2021-07-08 11:35:35
3502050001,3502050,3502,1625744035,pertanian-buah,68,0.00,perorangan,100.00,39,3502050001,3502050001,2021-07-08 11:34:38,2021-07-08 11:34:38
3502050001,3502050,3502,1625744083,pertanian-buah,62,0.00,perorangan,200.00,33,3502050001,3502050001,2021-07-08 11:35:19,2021-07-08 11:35:19
3502050001,3502050,3502,1625744145,pertanian-apotik,79,0.00,perorangan,1.00,46,3502050001,3502050001,2021-07-08 11:36:00,2021-07-08 11:36:00
3502050001,3502050,3502,1625744165,pertanian-apotik,83,0.00,perorangan,3.00,46,3502050001,3502050001,2021-07-08 11:36:32,2021-07-08 14:18:21
3502050001,3502050,3502,1625744199,pertanian-apotik,82,0.00,perorangan,500.00,46,3502050001,3502050001,2021-07-08 11:37:07,2021-07-08 14:18:03
3502050004,3502050,3502,1616722677,pertanian-pangan,2,623.00,perorangan,25.00,30,3502050004,3502050004,2021-03-26 01:40:03,2021-03-26 01:40:03
3502050004,3502050,3502,1616722808,pertanian-pangan,15,225.00,perorangan,5.00,30,3502050004,3502050004,2021-03-26 01:41:25,2021-03-26 01:41:25
3502050004,3502050,3502,1616722925,pertanian-buah,3,315.00,perorangan,15.00,38,3502050004,3502050004,2021-03-26 01:42:54,2021-03-26 01:42:54
3502050004,3502050,3502,1616722986,pertanian-apotik,4,135.00,perorangan,4.00,46,3502050004,3502050004,2021-03-26 01:44:16,2021-03-26 01:44:16
3502050004,3502050,3502,1616723061,pertanian-apotik,79,175.00,perorangan,6.00,46,3502050004,3502050004,2021-03-26 01:44:52,2021-03-26 01:44:52
3502050004,3502050,3502,1616723152,perkebunan,99,223.00,perorangan,12000.00,49,3502050004,3502050004,2021-03-26 01:46:40,2021-03-26 01:46:40
3502050004,3502050,3502,1616723205,perkebunan,102,15.00,perorangan,4.00,54,3502050004,3502050004,2021-03-26 01:48:19,2021-03-26 01:48:19
3502050004,3502050,3502,1616723303,kehutanan,121,1.50,perorangan,1000.00,2,3502050004,3502050004,2021-03-26 01:50:07,2021-03-26 01:50:07
3502050004,3502050,3502,1616723418,kehutanan,122,133.00,perorangan,600.00,2,3502050004,3502050004,2021-03-26 01:50:49,2021-03-26 01:50:49
3502050004,3502050,3502,1616723471,peternakan,137,1.00,perorangan,300.00,14,3502050004,3502050004,2021-03-26 01:52:19,2021-03-26 01:52:19
3502050004,3502050,3502,1616723547,peternakan,149,0.50,perorangan,200.00,6,3502050004,3502050004,2021-03-26 01:53:10,2021-03-26 01:53:10
3502050004,3502050,3502,1616723604,perikanan,169,0.10,perorangan,400.00,7,3502050004,3502050004,2021-03-26 01:54:14,2021-03-26 01:54:14
3502050004,3502050,3502,1616723660,perikanan,182,0.10,perorangan,200.00,7,3502050004,3502050004,2021-03-26 01:54:56,2021-03-26 01:54:56
3502050005,3502050,3502,1625744305,pertanian-pangan,2,35.00,perorangan,25000.00,1,3502050005,3502050005,2021-07-08 11:38:59,2021-07-08 11:38:59
3502050005,3502050,3502,1625744349,pertanian-pangan,28,27.00,perorangan,28000.00,1,3502050005,3502050005,2021-07-08 11:39:50,2021-07-08 11:39:50
3502050005,3502050,3502,1625744478,perikanan,182,0.50,perorangan,1.00,22,3502050005,3502050005,2021-07-08 11:41:46,2021-07-08 11:41:46
3502050005,3502050,3502,1625744515,kehutanan,122,1.00,perorangan,280.00,2,3502050005,3502050005,2021-07-08 11:42:25,2021-07-08 11:42:25
3502050005,3502050,3502,1626144742,perkebunan,99,0.00,perorangan,1500.00,49,3502050005,3502050005,2021-07-13 02:55:59,2021-07-13 02:55:59
3502050007,3502050,3502,1625737476,pertanian-pangan,2,450.00,perorangan,2700.00,30,3502050007,3502050007,2021-07-08 09:51:57,2021-07-08 09:51:57
3502050007,3502050,3502,1625737925,pertanian-pangan,28,350.00,perorangan,2450.00,30,3502050007,3502050007,2021-07-08 09:53:25,2021-07-08 09:53:25
3502050007,3502050,3502,1625738015,pertanian-pangan,10,10.00,perorangan,700.00,30,3502050007,3502050007,2021-07-08 09:55:26,2021-07-08 09:55:26
3502050007,3502050,3502,1625738225,pertanian-buah,54,100.00,perorangan,100.00,38,3502050007,3502050007,2021-07-08 09:59:08,2021-07-08 09:59:08
3502050007,3502050,3502,1625738364,pertanian-buah,59,20.00,perorangan,840.00,38,3502050007,3502050007,2021-07-08 10:00:16,2021-07-08 10:00:16
3502050007,3502050,3502,1625738428,pertanian-buah,68,100.00,perorangan,2.00,38,3502050007,3502050007,2021-07-08 10:01:28,2021-07-08 10:01:28
3502050007,3502050,3502,1625738498,pertanian-apotik,83,6.00,perorangan,1000.00,4,3502050007,3502050007,2021-07-08 10:03:08,2021-07-08 10:03:08
3502050007,3502050,3502,1625738612,kehutanan,117,100.00,perorangan,500.00,2,3502050007,3502050007,2021-07-08 10:04:30,2021-07-08 10:04:30
3502050007,3502050,3502,1625738676,peternakan,151,10.00,perorangan,100.00,15,3502050007,3502050007,2021-07-08 10:06:11,2021-07-08 10:07:16
3502050007,3502050,3502,1625738775,peternakan,156,10.00,perorangan,70.00,15,3502050007,3502050007,2021-07-08 10:06:55,2021-07-08 10:06:55
3502050009,3502050,3502,1626149422,pertanian-pangan,1,0.00,perorangan,0.00,1,3502050009,3502050009,2021-07-13 04:10:47,2021-07-13 04:10:47
3502050009,3502050,3502,1626150879,pertanian-pangan,2,25.00,perorangan,105.00,30,3502050009,3502050009,2021-07-13 04:35:11,2021-07-14 01:22:58
3502050009,3502050,3502,1626151219,pertanian-buah,3,0.00,perorangan,0.00,3,3502050009,3502050009,2021-07-13 04:40:45,2021-07-13 04:40:45
3502050009,3502050,3502,1626151252,pertanian-buah,40,0.00,perorangan,0.00,3,3502050009,3502050009,2021-07-13 04:41:18,2021-07-13 04:41:18
3502050009,3502050,3502,1626151287,pertanian-buah,41,0.00,perorangan,0.00,3,3502050009,3502050009,2021-07-13 04:41:49,2021-07-13 04:41:49
3502050009,3502050,3502,1626151319,pertanian-buah,42,0.00,perorangan,0.00,3,3502050009,3502050009,2021-07-13 04:42:15,2021-07-13 04:42:15
3502050009,3502050,3502,1626151362,pertanian-buah,43,0.00,perorangan,0.00,3,3502050009,3502050009,2021-07-13 04:43:04,2021-07-13 04:43:04
3502050009,3502050,3502,1626151389,pertanian-buah,44,0.00,perorangan,0.00,3,3502050009,3502050009,2021-07-13 04:43:28,2021-07-13 04:43:28
3502050009,3502050,3502,1626151414,pertanian-buah,45,0.00,perorangan,0.00,3,3502050009,3502050009,2021-07-13 04:43:56,2021-07-13 04:43:56
3502050009,3502050,3502,1626151442,pertanian-buah,46,0.00,perorangan,0.00,3,3502050009,3502050009,2021-07-13 04:44:19,2021-07-13 04:44:19
3502050009,3502050,3502,1626151465,pertanian-buah,47,0.00,perorangan,0.00,3,3502050009,3502050009,2021-07-13 04:44:46,2021-07-13 04:44:46
3502050009,3502050,3502,1626151513,pertanian-buah,48,0.00,perorangan,0.00,3,3502050009,3502050009,2021-07-13 04:45:31,2021-07-13 04:45:31
3502050009,3502050,3502,1626151536,pertanian-buah,49,0.00,perorangan,0.00,3,3502050009,3502050009,2021-07-13 04:45:52,2021-07-13 04:45:52
3502050009,3502050,3502,1626151556,pertanian-buah,50,0.00,perorangan,0.00,3,3502050009,3502050009,2021-07-13 04:46:19,2021-07-13 04:46:19
3502050009,3502050,3502,1626151600,pertanian-buah,51,0.00,perorangan,0.00,3,3502050009,3502050009,2021-07-13 04:46:59,2021-07-13 04:46:59
3502050009,3502050,3502,1626151624,pertanian-buah,52,0.00,perorangan,0.00,3,3502050009,3502050009,2021-07-13 04:47:27,2021-07-13 04:47:27
3502050009,3502050,3502,1626151653,pertanian-buah,53,0.00,perorangan,0.00,3,3502050009,3502050009,2021-07-13 04:47:55,2021-07-13 04:47:55
3502050009,3502050,3502,1626151684,pertanian-buah,54,21.00,perorangan,600.00,38,3502050009,3502050009,2021-07-13 04:53:12,2021-07-14 02:08:38
3502050009,3502050,3502,1626225786,pertanian-pangan,15,3.00,perorangan,6.30,30,3502050009,3502050009,2021-07-14 01:25:12,2021-07-14 01:25:12
3502050009,3502050,3502,1626225920,pertanian-pangan,18,2.00,perorangan,2.80,30,3502050009,3502050009,2021-07-14 01:26:23,2021-07-14 01:26:23
3502050009,3502050,3502,1626225989,pertanian-pangan,20,25.00,perorangan,175.00,30,3502050009,3502050009,2021-07-14 01:29:19,2021-07-14 01:29:19
3502050009,3502050,3502,1626226165,pertanian-pangan,21,0.50,perorangan,1.05,30,3502050009,3502050009,2021-07-14 01:43:30,2021-07-14 01:43:30
3502050009,3502050,3502,1626227051,pertanian-pangan,28,47.00,perorangan,267.90,30,3502050009,3502050009,2021-07-14 01:51:39,2021-07-14 01:51:39
3502050009,3502050,3502,1626227505,pertanian-pangan,36,50.00,perorangan,1750.00,30,3502050009,3502050009,2021-07-14 01:57:14,2021-07-14 01:57:14
3502050009,3502050,3502,1626227843,pertanian-pangan,33,0.50,perorangan,21.00,30,3502050009,3502050009,2021-07-14 02:05:31,2021-07-14 02:05:47
3502050009,3502050,3502,1626228564,pertanian-buah,61,10.00,perorangan,420.00,38,3502050009,3502050009,2021-07-14 02:13:09,2021-07-14 02:13:09
3502050009,3502050,3502,1626228797,pertanian-buah,64,1.00,perorangan,30.00,38,3502050009,3502050009,2021-07-14 02:14:34,2021-07-14 02:14:34
3502050009,3502050,3502,1626228881,pertanian-buah,65,15.00,perorangan,60.00,38,3502050009,3502050009,2021-07-14 02:15:47,2021-07-14 02:15:47
3502050009,3502050,3502,1626228985,pertanian-apotik,82,0.02,perorangan,0.50,46,3502050009,3502050009,2021-07-14 02:17:41,2021-07-14 02:17:41
3502050009,3502050,3502,1626229069,pertanian-apotik,83,2.00,perorangan,3.00,46,3502050009,3502050009,2021-07-14 02:19:34,2021-07-14 02:20:28
3502050009,3502050,3502,1626229428,peternakan,138,1.00,perorangan,37.00,14,3502050009,3502050009,2021-07-14 02:33:03,2021-07-14 02:33:03
3502050009,3502050,3502,1626229991,peternakan,140,0.05,perorangan,2.50,14,3502050009,3502050009,2021-07-14 02:34:26,2021-07-14 02:34:26
3502050013,3502050,3502,1626143237,pertanian-pangan,2,236.50,perorangan,7.90,30,3502050013,3502050013,2021-07-13 02:31:07,2021-07-13 02:31:07
3502050013,3502050,3502,1626143503,pertanian-pangan,10,3.32,perorangan,2.10,30,3502050013,3502050013,2021-07-13 02:34:57,2021-07-13 02:34:57
3502050013,3502050,3502,1626143740,pertanian-pangan,28,139.42,perorangan,6.80,30,3502050013,3502050013,2021-07-13 02:36:55,2021-07-13 02:36:55
3502050013,3502050,3502,1626143823,pertanian-pangan,36,146.50,perorangan,17.00,30,3502050013,3502050013,2021-07-13 02:37:58,2021-07-13 02:37:58
3502050013,3502050,3502,1626144182,pertanian-buah,54,18.35,perorangan,5.20,38,3502050013,3502050013,2021-07-13 02:44:05,2021-07-13 02:44:05
3502050013,3502050,3502,1626144261,pertanian-buah,65,15.20,perorangan,2.85,38,3502050013,3502050013,2021-07-13 02:45:49,2021-07-13 02:45:49
3502050013,3502050,3502,1626144372,pertanian-buah,59,18.45,perorangan,12.75,38,3502050013,3502050013,2021-07-13 02:47:42,2021-07-13 02:47:42
3502050013,3502050,3502,1626231670,peternakan,137,1.00,perorangan,9.40,14,3502050013,3502050013,2021-07-14 03:06:21,2021-07-14 03:06:21
3502060001,3502060,3502,1602729417,pertanian-pangan,2,180.00,perorangan,720.00,1,3502060001,3502060001,2020-10-15 02:39:11,2020-10-15 02:39:11
3502060001,3502060,3502,1602729652,pertanian-pangan,28,261.00,perorangan,1174.50,1,3502060001,3502060001,2020-10-15 02:43:14,2020-10-15 02:43:14
3502060001,3502060,3502,1602729962,pertanian-pangan,29,0.00,perorangan,0.00,1,3502060001,3502060001,2020-10-15 02:46:26,2020-10-15 02:46:26
3502060003,3502060,3502,1602480062,pertanian-pangan,28,181.00,perorangan,181.00,30,3502060003,3502060003,2020-10-12 05:26:25,2020-10-12 05:26:25
3502060003,3502060,3502,1602480480,peternakan,137,2.00,perorangan,3000.00,6,3502060003,3502060003,2020-10-12 05:34:41,2020-10-12 05:34:41
3502060003,3502060,3502,1602480900,perikanan,182,2.00,perorangan,12.00,7,3502060003,3502060003,2020-10-12 05:37:35,2020-10-12 05:37:35
3502060006,3502060,3502,1606205823,pertanian-pangan,2,12.00,perorangan,15000.00,1,3502060006,3502060006,2020-11-24 08:17:58,2020-11-24 08:17:58
3502060006,3502060,3502,1606205919,pertanian-buah,3,1.00,perorangan,200.00,3,3502060006,3502060006,2020-11-24 08:19:15,2020-11-24 08:19:15
3502060006,3502060,3502,1606205963,pertanian-apotik,83,1.00,perorangan,1500.00,4,3502060006,3502060006,2020-11-24 08:19:58,2020-11-24 08:19:58
3502060006,3502060,3502,1606206007,pertanian-apotik,79,2.00,perorangan,2000.00,4,3502060006,3502060006,2020-11-24 08:20:28,2020-11-24 08:20:28
3502060006,3502060,3502,1606206035,perkebunan,5,7500.00,perorangan,1000.00,5,3502060006,3502060006,2020-11-24 08:21:11,2020-11-24 08:21:11
3502060006,3502060,3502,1606206078,peternakan,137,2.00,perorangan,25000.00,6,3502060006,3502060006,2020-11-24 08:22:28,2020-11-24 08:22:28
3502060006,3502060,3502,1606206155,peternakan,156,1.00,perorangan,2500.00,6,3502060006,3502060006,2020-11-24 08:23:08,2020-11-24 08:23:08
3502060006,3502060,3502,1606206197,perikanan,182,2.00,perorangan,15000.00,7,3502060006,3502060006,2020-11-24 08:24:00,2020-11-24 08:24:00
3502060006,3502060,3502,1606206247,perikanan,169,1.00,perorangan,1000.00,7,3502060006,3502060006,2020-11-24 08:24:33,2020-11-24 08:24:33
3502060006,3502060,3502,1606206583,kehutanan,117,1000.00,perorangan,1200.00,2,3502060006,3502060006,2020-11-24 08:30:15,2020-11-24 08:30:15
3502061001,3502061,3502,1603345087,pertanian-pangan,2,343.00,pemerintah,15.00,30,3502061001,3502061001,2020-10-22 05:39:16,2021-02-10 02:50:55
3502061001,3502061,3502,1613527124,kehutanan,118,0.00,perusahaan,0.00,2,3502061001,3502061001,2021-02-17 02:00:13,2021-02-17 02:00:13
3502061001,3502061,3502,1613527223,peternakan,137,5.00,perorangan,10000.00,6,3502061001,3502061001,2021-02-17 02:01:26,2021-02-17 02:01:26
3502061002,3502061,3502,1616904539,pertanian-pangan,34,0.00,perorangan,0.00,1,3502061002,3502061002,2021-03-28 04:11:08,2021-03-28 04:11:08
3502061002,3502061,3502,1616904827,pertanian-buah,3,0.00,perorangan,0.00,3,3502061002,3502061002,2021-03-28 04:16:03,2021-03-28 04:16:03
3502061002,3502061,3502,1616905110,perkebunan,5,0.00,perorangan,0.00,5,3502061002,3502061002,2021-03-28 04:19:31,2021-03-28 04:19:31
3502061002,3502061,3502,1616905260,peternakan,156,0.00,perorangan,0.00,6,3502061002,3502061002,2021-03-28 04:23:26,2021-03-28 04:23:26
3502061004,3502061,3502,1603166835,pertanian-pangan,34,0.00,perorangan,0.00,1,3502061004,3502061004,2020-10-20 04:12:10,2020-10-20 04:12:10
3502061004,3502061,3502,1603171545,peternakan,156,0.00,perorangan,0.00,11,3502061004,3502061004,2020-10-20 05:27:28,2020-10-20 05:27:28
3502070016,3502070,3502,1626321947,peternakan,137,0.50,perorangan,27000.00,6,3502070016,3502070016,2021-07-15 04:11:23,2021-07-15 04:11:23
3502070016,3502070,3502,1626322290,peternakan,140,0.50,perorangan,19000.00,6,3502070016,3502070016,2021-07-15 04:12:52,2021-07-15 04:12:52
3502070016,3502070,3502,1626322530,perkebunan,93,0.25,perorangan,4800.00,5,3502070016,3502070016,2021-07-15 04:17:48,2021-07-15 04:48:04
3502070016,3502070,3502,1626322679,pertanian-pangan,28,226.00,perorangan,84000.00,1,3502070016,3502070016,2021-07-15 04:24:21,2021-07-15 04:24:21
3502070016,3502070,3502,1626323065,pertanian-pangan,2,276.00,perorangan,23184.00,30,3502070016,3502070016,2021-07-15 04:30:04,2021-07-15 04:30:04
3502070016,3502070,3502,1626323410,pertanian-pangan,37,70.00,perorangan,3430.00,1,3502070016,3502070016,2021-07-15 04:33:21,2021-07-15 04:33:21
3502070016,3502070,3502,1626323621,pertanian-buah,65,5.00,perorangan,1150.00,33,3502070016,3502070016,2021-07-15 04:36:04,2021-07-15 04:36:04
3502070016,3502070,3502,1626323892,pertanian-apotik,79,2.50,perorangan,7875.00,4,3502070016,3502070016,2021-07-15 04:40:38,2021-07-15 04:40:38
3502070016,3502070,3502,1626324046,pertanian-apotik,83,0.25,perorangan,2000.00,4,3502070016,3502070016,2021-07-15 04:42:53,2021-07-15 04:42:53
3502080009,3502080,3502,1620280374,peternakan,147,0.01,perorangan,0.04,6,3502080009,3502080009,2021-05-06 05:55:43,2021-05-06 05:55:43
3502080009,3502080,3502,1620280547,peternakan,138,0.02,perorangan,0.07,6,3502080009,3502080009,2021-05-06 05:56:19,2021-05-06 05:56:19
3502080009,3502080,3502,1621485005,pertanian-pangan,2,17.50,perorangan,36.00,30,3502080009,3502080009,2021-05-20 04:32:20,2021-05-20 04:32:20
3502080009,3502080,3502,1621485144,pertanian-pangan,18,1.50,perorangan,8.00,30,3502080009,3502080009,2021-05-20 04:33:13,2021-05-20 04:33:13
3502080009,3502080,3502,1621485262,pertanian-pangan,28,46.00,perorangan,200.00,30,3502080009,3502080009,2021-05-20 04:36:19,2021-05-20 04:36:19
3502080009,3502080,3502,1621870319,pertanian-apotik,79,0.03,perorangan,50.00,4,3502080009,3502080009,2021-05-24 15:33:08,2021-05-24 15:33:08
3502080009,3502080,3502,1621870396,pertanian-apotik,83,0.03,perorangan,32.00,4,3502080009,3502080009,2021-05-24 15:33:57,2021-05-24 15:33:57
3502080009,3502080,3502,1621870451,peternakan,149,0.02,perorangan,2000.00,6,3502080009,3502080009,2021-05-24 15:35:50,2021-05-24 15:35:50
3502080009,3502080,3502,1621870556,peternakan,151,0.01,perorangan,67.00,6,3502080009,3502080009,2021-05-24 15:36:37,2021-05-24 15:36:37
3502080009,3502080,3502,1621870619,peternakan,137,0.45,perorangan,50000.00,6,3502080009,3502080009,2021-05-24 15:39:21,2021-05-24 15:39:21
3502080009,3502080,3502,1621870813,peternakan,156,0.01,perorangan,15000.00,6,3502080009,3502080009,2021-05-24 15:40:36,2021-05-24 15:40:36
3502080009,3502080,3502,1621870847,perikanan,169,0.01,perorangan,5000.00,7,3502080009,3502080009,2021-05-24 15:41:44,2021-05-24 15:41:44
3502080009,3502080,3502,1621870932,perikanan,182,0.01,perorangan,10000.00,7,3502080009,3502080009,2021-05-24 15:43:03,2021-05-24 15:43:03
3502080015,3502080,3502,1626318767,pertanian-pangan,28,98.00,perorangan,70.70,30,3502080015,3502080015,2021-07-15 03:22:22,2021-07-15 03:24:13
3502080015,3502080,3502,1626319565,perkebunan,108,5.00,perorangan,20.00,54,3502080015,3502080015,2021-07-15 03:28:17,2021-07-15 03:28:17
3502090013,3502090,3502,1616640194,pertanian-pangan,28,20.00,perorangan,40000.00,1,3502090013,3502090013,2021-03-25 02:44:14,2021-03-25 02:47:06
3502090013,3502090,3502,1616640267,pertanian-pangan,2,20.00,perorangan,20000.00,1,3502090013,3502090013,2021-03-25 02:46:23,2021-03-25 02:47:27
3502090013,3502090,3502,1616641356,pertanian-pangan,18,20.00,perorangan,7500.00,1,3502090013,3502090013,2021-03-25 03:03:58,2021-03-25 03:03:58
3502090014,3502090,3502,1610639302,pertanian-pangan,28,54.00,perorangan,529.00,30,3502090014,3502090014,2021-01-14 15:51:04,2021-01-14 15:51:04
3502090014,3502090,3502,1610639498,pertanian-pangan,2,54.00,perorangan,378.00,30,3502090014,3502090014,2021-01-14 15:52:52,2021-01-14 15:52:52
3502090014,3502090,3502,1610639584,pertanian-pangan,18,25.00,perorangan,5.00,30,3502090014,3502090014,2021-01-14 15:54:18,2021-01-14 15:54:18
3502090014,3502090,3502,1612598476,pertanian-buah,65,1.00,perorangan,500.00,3,3502090014,3502090014,2021-02-06 08:02:02,2021-02-06 08:02:02
3502090014,3502090,3502,1612598535,pertanian-apotik,4,0.50,perorangan,250.00,4,3502090014,3502090014,2021-02-06 08:03:08,2021-02-06 08:03:08
3502090014,3502090,3502,1612598607,peternakan,138,5.00,perorangan,150.00,6,3502090014,3502090014,2021-02-06 08:03:56,2021-02-06 08:03:56
3502090014,3502090,3502,1612598644,perikanan,169,0.10,perorangan,500.00,7,3502090014,3502090014,2021-02-06 08:04:40,2021-02-06 08:04:40
3502090014,3502090,3502,1620311628,pertanian-buah,54,1.00,perorangan,1500.00,3,3502090014,3502090014,2021-05-06 14:34:14,2021-05-06 14:34:14
3502090014,3502090,3502,1620311661,pertanian-buah,69,1.00,perorangan,1000.00,3,3502090014,3502090014,2021-05-06 14:34:57,2021-05-06 14:34:57
3502090014,3502090,3502,1620311702,pertanian-buah,59,2.00,perorangan,2500.00,3,3502090014,3502090014,2021-05-06 14:35:22,2021-05-06 14:35:22
3502090014,3502090,3502,1620311732,pertanian-apotik,83,1.00,perorangan,500.00,4,3502090014,3502090014,2021-05-06 14:35:55,2021-05-06 14:35:55
3502090014,3502090,3502,1625999548,peternakan,151,0.00,perorangan,1500.00,6,3502090014,3502090014,2021-07-11 10:33:33,2021-07-11 10:33:33
3502090014,3502090,3502,1625999628,peternakan,156,0.00,perorangan,5000.00,6,3502090014,3502090014,2021-07-11 10:34:35,2021-07-11 10:34:35
3502090014,3502090,3502,1626003508,pertanian-pangan,10,2.00,perorangan,5000.00,1,3502090014,3502090014,2021-07-11 11:38:59,2021-07-11 11:38:59
3502090016,3502090,3502,1615475625,peternakan,156,34.00,perorangan,123.00,10,3502090016,3502090016,2021-03-11 15:14:19,2021-03-11 15:14:19
3502100004,3502100,3502,1624506517,pertanian-pangan,2,83.50,perorangan,894.00,30,3502100004,3502100004,2021-06-24 03:56:10,2021-06-24 03:56:10
3502100005,3502100,3502,1618368529,perikanan,169,0.30,perorangan,3000.00,7,3502100005,3502100005,2021-04-14 02:52:26,2021-04-14 02:52:26
3502100005,3502100,3502,1618368755,perikanan,182,0.20,perorangan,1500.00,7,3502100005,3502100005,2021-04-14 02:56:36,2021-04-14 02:56:36
3502100005,3502100,3502,1618369077,peternakan,138,0.01,perorangan,1200.00,6,3502100005,3502100005,2021-04-14 03:00:17,2021-04-14 03:00:17
3502100005,3502100,3502,1618369224,peternakan,149,0.01,perorangan,10000.00,6,3502100005,3502100005,2021-04-14 03:01:37,2021-04-14 03:01:37
3502100005,3502100,3502,1618369329,pertanian-buah,65,0.02,perorangan,120.00,33,3502100005,3502100005,2021-04-14 03:03:31,2021-04-14 03:03:31
3502100005,3502100,3502,1618369464,pertanian-pangan,10,0.12,perorangan,8.00,30,3502100005,3502100005,2021-04-14 03:06:16,2021-04-14 03:57:18
3502100007,3502100,3502,1616768769,pertanian-pangan,28,101.00,perorangan,1400.00,30,3502100007,3502100007,2021-03-26 14:29:38,2021-03-26 14:29:38
3502100007,3502100,3502,1616768990,pertanian-pangan,2,95.00,perorangan,995.00,30,3502100007,3502100007,2021-03-26 14:30:57,2021-03-26 14:30:57
3502100009,3502100,3502,1606889373,pertanian-pangan,2,60.00,perorangan,42.00,30,3502100009,3502100009,2020-12-02 06:13:46,2020-12-02 06:13:46
3502100009,3502100,3502,1606889979,pertanian-pangan,28,78.00,perorangan,600.60,1,3502100009,3502100009,2020-12-02 06:20:23,2020-12-02 06:20:23
3502100010,3502100,3502,1606186543,pertanian-pangan,1,0.50,perorangan,0.00,1,3502100010,3502100010,2020-11-24 02:56:55,2020-11-24 02:56:55
3502100010,3502100,3502,1606186849,pertanian-buah,54,0.70,perorangan,100.00,3,3502100010,3502100010,2020-11-24 03:01:23,2020-11-24 03:01:23
3502100010,3502100,3502,1606186962,pertanian-buah,52,0.05,perorangan,100.00,3,3502100010,3502100010,2020-11-24 03:03:16,2020-11-24 03:03:16
3502100010,3502100,3502,1606187055,kehutanan,117,0.30,perorangan,1.00,2,3502100010,3502100010,2020-11-24 03:05:12,2020-11-24 03:05:12
3502100010,3502100,3502,1606187168,kehutanan,7,0.30,perorangan,1.00,2,3502100010,3502100010,2020-11-24 03:06:38,2020-11-24 03:06:38
3502100010,3502100,3502,1606187210,peternakan,137,3.00,perorangan,300.00,6,3502100010,3502100010,2020-11-24 03:07:12,2020-11-24 03:07:12
3502100010,3502100,3502,1606187238,peternakan,151,1.00,perorangan,100.00,6,3502100010,3502100010,2020-11-24 03:07:39,2020-11-24 03:07:39
3502100010,3502100,3502,1606187267,perikanan,182,1.00,perorangan,500.00,7,3502100010,3502100010,2020-11-24 03:08:38,2020-11-24 03:08:38
3502100010,3502100,3502,1606187338,perikanan,186,0.30,perorangan,100.00,7,3502100010,3502100010,2020-11-24 03:10:00,2020-11-24 03:10:00
3502110004,3502110,3502,1619103811,pertanian-buah,54,3.00,perorangan,20.00,38,3502110004,3502110004,2021-04-22 15:04:16,2021-04-22 15:04:16
3502110004,3502110,3502,1619103882,pertanian-buah,48,2.00,perorangan,10.00,38,3502110004,3502110004,2021-04-22 15:05:08,2021-04-22 15:05:08
3502110005,3502110,3502,1602125195,pertanian-pangan,2,50.00,perorangan,230.00,30,3502110005,3502110005,2020-10-08 02:48:55,2020-10-08 02:48:55
3502110005,3502110,3502,1602125398,pertanian-buah,48,40.00,perorangan,70.00,38,3502110005,3502110005,2020-10-08 02:50:46,2020-10-08 02:50:46
3502110005,3502110,3502,1618538253,pertanian-pangan,28,60.00,perorangan,300.00,30,3502110005,3502110005,2021-04-16 01:59:00,2021-04-16 01:59:00
3502110005,3502110,3502,1618538346,pertanian-pangan,20,150.00,perorangan,650.00,30,3502110005,3502110005,2021-04-16 02:00:01,2021-04-16 02:00:01
3502110005,3502110,3502,1618538412,pertanian-pangan,29,15.00,perorangan,50.00,30,3502110005,3502110005,2021-04-16 02:00:58,2021-04-16 02:00:58
3502110005,3502110,3502,1618538475,pertanian-buah,54,15.00,perorangan,45.00,38,3502110005,3502110005,2021-04-16 02:01:39,2021-04-16 02:01:39
3502110005,3502110,3502,1618538514,pertanian-buah,59,8.00,perorangan,60.00,38,3502110005,3502110005,2021-04-16 02:02:34,2021-04-16 02:02:34
3502110005,3502110,3502,1618538585,pertanian-apotik,83,2.00,perorangan,2.00,46,3502110005,3502110005,2021-04-16 02:03:25,2021-04-16 02:03:25
3502110005,3502110,3502,1618538752,peternakan,138,4.00,perorangan,3.00,14,3502110005,3502110005,2021-04-16 02:06:19,2021-04-16 02:06:19
3502110005,3502110,3502,1618538784,peternakan,156,10.00,perorangan,10.00,14,3502110005,3502110005,2021-04-16 02:06:48,2021-04-16 02:06:48
3502110010,3502110,3502,1619408061,perkebunan,108,15.00,perorangan,0.00,5,3502110010,3502110010,2021-04-26 03:35:29,2021-04-26 03:35:29
3502110010,3502110,3502,1620618422,pertanian-pangan,28,0.00,perorangan,0.00,1,3502110010,3502110010,2021-05-10 03:47:14,2021-05-10 03:47:14
3502110010,3502110,3502,1620618530,pertanian-pangan,2,0.00,perorangan,0.00,1,3502110010,3502110010,2021-05-10 03:49:11,2021-05-10 03:49:11
3502110010,3502110,3502,1620618576,pertanian-pangan,20,0.00,perorangan,0.00,1,3502110010,3502110010,2021-05-10 03:50:01,2021-05-10 03:50:01
3502110010,3502110,3502,1620618605,pertanian-pangan,27,0.00,perorangan,0.00,1,3502110010,3502110010,2021-05-10 03:50:34,2021-05-10 03:50:34
3502110010,3502110,3502,1620618638,pertanian-pangan,12,0.00,perorangan,0.00,1,3502110010,3502110010,2021-05-10 03:50:46,2021-05-10 03:50:46
3502110010,3502110,3502,1620618650,pertanian-pangan,15,0.00,perorangan,0.00,1,3502110010,3502110010,2021-05-10 03:50:59,2021-05-10 03:50:59
3502110010,3502110,3502,1620618692,pertanian-pangan,32,0.00,perorangan,0.00,1,3502110010,3502110010,2021-05-10 03:51:40,2021-05-10 03:51:40
3502110010,3502110,3502,1620618823,pertanian-pangan,30,0.00,perorangan,0.00,1,3502110010,3502110010,2021-05-10 03:53:49,2021-05-10 03:53:49
3502110010,3502110,3502,1620618845,pertanian-buah,54,0.00,perorangan,0.00,3,3502110010,3502110010,2021-05-10 03:54:40,2021-05-10 03:54:40
3502110010,3502110,3502,1620618884,pertanian-buah,64,0.00,perorangan,0.00,3,3502110010,3502110010,2021-05-10 03:55:11,2021-05-10 03:55:11
3502110010,3502110,3502,1620619036,pertanian-buah,65,0.00,perorangan,0.00,3,3502110010,3502110010,2021-05-10 03:57:25,2021-05-10 03:57:25
3502110010,3502110,3502,1620619154,pertanian-apotik,83,0.00,perorangan,0.00,46,3502110010,3502110010,2021-05-10 04:00:02,2021-05-10 04:00:02
3502110010,3502110,3502,1620619257,peternakan,138,0.00,perorangan,0.00,6,3502110010,3502110010,2021-05-10 04:01:14,2021-05-10 04:01:14
3502110010,3502110,3502,1620619278,peternakan,149,0.00,perorangan,0.00,6,3502110010,3502110010,2021-05-10 04:01:48,2021-05-10 04:01:48
3502110010,3502110,3502,1620619312,peternakan,150,0.00,perorangan,0.00,14,3502110010,3502110010,2021-05-10 04:02:10,2021-05-10 04:02:10
3502110010,3502110,3502,1620619334,peternakan,151,0.00,perorangan,0.00,14,3502110010,3502110010,2021-05-10 04:02:32,2021-05-10 04:02:32
3502110010,3502110,3502,1620619355,peternakan,152,0.00,perorangan,0.00,6,3502110010,3502110010,2021-05-10 04:02:59,2021-05-10 04:02:59
3502110010,3502110,3502,1620619382,peternakan,156,0.00,perorangan,0.00,14,3502110010,3502110010,2021-05-10 04:03:19,2021-05-10 04:03:19
3502110010,3502110,3502,1620619404,peternakan,147,0.00,perorangan,0.00,6,3502110010,3502110010,2021-05-10 04:04:56,2021-05-10 04:04:56
3502110010,3502110,3502,1620619508,perikanan,182,0.00,perorangan,0.00,22,3502110010,3502110010,2021-05-10 04:05:34,2021-05-10 04:05:34
3502110010,3502110,3502,1620619537,perikanan,169,0.00,perorangan,0.00,22,3502110010,3502110010,2021-05-10 04:07:19,2021-05-10 04:07:19
3502110018,3502110,3502,1611627416,pertanian-pangan,15,0.14,perorangan,600.00,1,3502110018,3502110018,2021-01-26 02:19:23,2021-01-26 02:19:23
3502110018,3502110,3502,1611627569,pertanian-pangan,2,5.00,perorangan,20.00,1,3502110018,3502110018,2021-01-26 02:20:57,2021-01-26 02:20:57
3502110018,3502110,3502,1611627663,pertanian-pangan,17,7.00,perorangan,10.00,30,3502110018,3502110018,2021-01-26 02:24:16,2021-01-26 03:00:08
3502110018,3502110,3502,1611627865,pertanian-pangan,20,1.00,perorangan,4200.00,1,3502110018,3502110018,2021-01-26 02:25:52,2021-01-26 02:25:52
3502110018,3502110,3502,1611627959,pertanian-pangan,21,0.28,perorangan,500.00,1,3502110018,3502110018,2021-01-26 02:36:09,2021-01-26 02:36:09
3502110018,3502110,3502,1611628575,pertanian-pangan,23,0.28,perorangan,500.00,1,3502110018,3502110018,2021-01-26 02:38:09,2021-01-26 02:38:09
3502110018,3502110,3502,1611628695,pertanian-pangan,28,140.00,perorangan,784.00,30,3502110018,3502110018,2021-01-26 02:59:36,2021-01-26 02:59:36
3502110018,3502110,3502,1611630031,pertanian-pangan,32,0.56,perorangan,4.00,30,3502110018,3502110018,2021-01-26 03:03:47,2021-01-26 03:03:47
3502110018,3502110,3502,1611630233,pertanian-pangan,33,0.56,perorangan,4.00,30,3502110018,3502110018,2021-01-26 03:04:28,2021-01-26 03:04:28
3502110018,3502110,3502,1611630276,pertanian-buah,54,0.28,perorangan,30.00,38,3502110018,3502110018,2021-01-26 03:06:33,2021-01-26 03:06:33
3502110018,3502110,3502,1611630613,pertanian-buah,59,2.00,perorangan,140.00,38,3502110018,3502110018,2021-01-26 03:12:35,2021-01-26 03:12:35
3502110018,3502110,3502,1611630761,pertanian-buah,65,1.00,perorangan,700.00,32,3502110018,3502110018,2021-01-26 03:20:36,2021-01-26 03:20:36
3502110018,3502110,3502,1611631285,perkebunan,108,25.00,perorangan,875.00,54,3502110018,3502110018,2021-01-26 03:24:16,2021-01-26 03:24:16
3502110018,3502110,3502,1611631529,kehutanan,117,25.00,perorangan,12000.00,2,3502110018,3502110018,2021-01-26 03:26:56,2021-01-26 03:26:56
3502110018,3502110,3502,1611631641,peternakan,137,0.14,perorangan,2000.00,6,3502110018,3502110018,2021-01-26 03:34:58,2021-01-26 03:34:58
3502110018,3502110,3502,1611632150,perikanan,182,0.14,perorangan,5000.00,7,3502110018,3502110018,2021-01-26 03:38:28,2021-01-26 03:38:28
3502120009,3502120,3502,1603766600,pertanian-pangan,28,91.00,perorangan,5.00,30,3502120009,3502120009,2020-10-27 02:47:00,2020-10-27 02:47:00
3502120009,3502120,3502,1603766846,perkebunan,108,4.00,perorangan,3.50,54,3502120009,3502120009,2020-10-27 02:48:41,2020-10-27 02:48:41
3502120011,3502120,3502,1623912553,pertanian-pangan,2,24.00,perorangan,168.00,30,3502120011,3502120011,2021-06-17 06:51:36,2021-06-17 06:51:36
3502130004,3502130,3502,1606487790,pertanian-pangan,2,35.00,perorangan,245.00,30,3502130004,3502130004,2020-11-27 14:38:01,2020-11-27 14:38:01
3502130004,3502130,3502,1606487885,pertanian-pangan,20,25.00,perorangan,61.00,30,3502130004,3502130004,2020-11-27 14:39:32,2020-11-27 14:39:32
3502130004,3502130,3502,1606488088,pertanian-pangan,28,60.00,perorangan,294.00,30,3502130004,3502130004,2020-11-27 14:42:30,2020-11-27 14:42:30
3502130004,3502130,3502,1606488185,perkebunan,108,1.00,perorangan,1.50,54,3502130004,3502130004,2020-11-27 14:43:35,2020-11-27 14:43:35
3502130013,3502130,3502,1612845851,pertanian-pangan,28,49.00,perorangan,254.80,30,3502130013,3502130013,2021-02-09 04:45:14,2021-02-09 04:45:14
3502130013,3502130,3502,1612845918,pertanian-pangan,2,155.00,perorangan,961.00,30,3502130013,3502130013,2021-02-09 04:45:54,2021-02-09 04:45:54
3502130013,3502130,3502,1612845957,pertanian-pangan,15,35.00,perorangan,2490.00,1,3502130013,3502130013,2021-02-09 04:47:17,2021-02-09 04:47:17
3502130013,3502130,3502,1612846040,pertanian-pangan,20,7.00,perorangan,10.50,30,3502130013,3502130013,2021-02-09 04:48:03,2021-02-09 04:48:03
3502130013,3502130,3502,1612846157,pertanian-buah,48,2.00,perorangan,84000.00,3,3502130013,3502130013,2021-02-09 04:50:18,2021-02-09 04:50:18
3502130013,3502130,3502,1612846221,pertanian-buah,52,0.50,perorangan,15000.00,3,3502130013,3502130013,2021-02-09 04:51:16,2021-02-09 04:51:16
3502130013,3502130,3502,1612846279,pertanian-buah,64,0.80,perorangan,8280.00,3,3502130013,3502130013,2021-02-09 04:52:14,2021-02-09 04:52:14
3502130013,3502130,3502,1612846374,pertanian-pangan,26,1.20,perorangan,10080.00,1,3502130013,3502130013,2021-02-09 04:53:33,2021-02-09 04:53:33
3502140001,3502140,3502,1602549698,pertanian-pangan,2,120.00,perorangan,90.00,30,3502140001,3502140001,2020-10-13 00:42:21,2020-10-13 00:42:21
3502140001,3502140,3502,1602549800,peternakan,137,1.00,perorangan,720.00,6,3502140001,3502140001,2020-10-13 00:44:15,2020-10-13 00:44:15
3502140001,3502140,3502,1602549862,kehutanan,7,1.00,perorangan,200.00,2,3502140001,3502140001,2020-10-13 00:45:05,2020-10-13 00:45:05
3502140001,3502140,3502,1602549917,perkebunan,99,1.00,perorangan,300.00,49,3502140001,3502140001,2020-10-13 00:45:55,2020-10-13 00:45:55
3502140001,3502140,3502,1602549976,pertanian-apotik,83,5.00,perorangan,1000.00,4,3502140001,3502140001,2020-10-13 00:47:01,2020-10-13 00:47:01
3502140001,3502140,3502,1602550051,pertanian-buah,3,1.00,perorangan,200.00,3,3502140001,3502140001,2020-10-13 00:47:51,2020-10-13 00:47:51
3502140003,3502140,3502,1602818448,pertanian-pangan,28,140.00,perorangan,2500.00,30,3502140003,3502140003,2020-10-16 03:23:01,2020-10-16 03:23:01
3502140003,3502140,3502,1602818604,pertanian-pangan,2,30.00,perorangan,900.00,30,3502140003,3502140003,2020-10-16 03:24:03,2020-10-16 03:24:03
3502140008,3502140,3502,1616997791,pertanian-pangan,28,0.00,perorangan,0.00,30,3502140008,3502140008,2021-03-29 06:04:10,2021-03-29 06:04:10
3502150001,3502150,3502,1611814948,kehutanan,117,296.50,pemerintah,296.50,2,3502150001,3502150001,2021-01-28 06:23:50,2021-01-28 06:23:50
3502150002,3502150,3502,1605753691,perikanan,9,0.00,perorangan,0.00,7,3502150002,3502150002,2020-11-19 02:41:53,2020-11-19 02:41:53
3502150004,3502150,3502,1604544149,pertanian-apotik,83,4.00,perorangan,4.00,46,3502150004,3502150004,2020-11-05 02:44:54,2020-11-05 02:44:54
3502150007,3502150,3502,1604980428,pertanian-pangan,2,10.00,perorangan,42.00,30,3502150007,3502150007,2020-11-10 03:58:28,2020-11-10 03:58:28
3502150007,3502150,3502,1604980721,pertanian-pangan,36,2.00,perorangan,10.00,30,3502150007,3502150007,2020-11-10 04:00:55,2020-11-10 04:00:55
3502150009,3502150,3502,1603422184,pertanian-pangan,2,10.00,perorangan,70.00,1,3502150009,3502150009,2020-10-23 03:05:09,2020-10-23 03:05:09
3502160003,3502160,3502,1626149362,pertanian-pangan,28,0.00,perorangan,0.00,1,3502160003,3502160003,2021-07-13 04:09:43,2021-07-13 04:09:43
3502160003,3502160,3502,1626149406,peternakan,137,0.00,perorangan,0.00,6,3502160003,3502160003,2021-07-13 04:10:19,2021-07-13 04:10:19
3502160008,3502160,3502,1626442794,pertanian-pangan,28,87.00,perorangan,200.00,30,3502160008,3502160008,2021-07-16 13:43:21,2021-07-16 13:43:21
3502160008,3502160,3502,1626443060,perikanan,182,0.14,perorangan,1500.00,7,3502160008,3502160008,2021-07-16 13:48:23,2021-07-16 13:48:23
3502160008,3502160,3502,1626443309,perikanan,169,0.14,perorangan,250.00,7,3502160008,3502160008,2021-07-16 13:50:48,2021-07-16 13:50:48
3502160009,3502160,3502,1625793997,pertanian-pangan,28,100.00,perorangan,1000.00,30,3502160009,3502160009,2021-07-09 01:27:44,2021-07-09 01:27:44
3502160009,3502160,3502,1625794075,pertanian-buah,54,1.00,perorangan,50.00,38,3502160009,3502160009,2021-07-09 01:29:02,2021-07-09 01:29:02
3502160011,3502160,3502,1604887844,pertanian-pangan,28,1.00,perorangan,8.00,1,3502160011,3502160011,2020-11-09 02:18:35,2020-11-09 02:30:47
3502160011,3502160,3502,1604888682,pertanian-buah,61,1.00,perorangan,42.00,3,3502160011,3502160011,2020-11-09 02:26:14,2020-11-09 02:26:14
3502160011,3502160,3502,1604888848,pertanian-pangan,2,7.00,perorangan,5.00,1,3502160011,3502160011,2020-11-09 02:28:45,2020-11-09 02:28:45
3502160011,3502160,3502,1604889267,pertanian-apotik,4,0.00,perorangan,0.00,4,3502160011,3502160011,2020-11-09 02:34:52,2020-11-09 02:34:52
3502160011,3502160,3502,1604889316,perkebunan,5,0.00,perorangan,0.00,5,3502160011,3502160011,2020-11-09 02:35:36,2020-11-09 02:35:36
3502160011,3502160,3502,1604889348,kehutanan,6,0.00,perorangan,0.00,2,3502160011,3502160011,2020-11-09 02:36:13,2020-11-09 02:36:13
3502160011,3502160,3502,1604889410,peternakan,137,0.00,perorangan,0.00,6,3502160011,3502160011,2020-11-09 02:40:48,2020-11-09 02:40:48
3502160011,3502160,3502,1604889666,perikanan,169,0.08,perorangan,0.00,7,3502160011,3502160011,2020-11-09 02:42:06,2020-11-09 02:48:32
3502160012,3502160,3502,1623814462,pertanian-pangan,10,0.00,perorangan,0.00,1,3502160012,3502160012,2021-06-16 03:34:59,2021-06-16 03:34:59
3502160013,3502160,3502,1626050119,pertanian-pangan,10,1.00,perorangan,5000.00,1,3502160013,3502160013,2021-07-12 00:38:42,2021-07-12 00:38:42
3502160017,3502160,3502,1616075227,pertanian-pangan,10,1.05,perorangan,15.00,30,3502160017,3502160017,2021-03-18 13:53:56,2021-03-18 13:53:56
3502160017,3502160,3502,1616075660,pertanian-buah,62,1.60,perorangan,60.00,38,3502160017,3502160017,2021-03-18 14:00:29,2021-03-18 14:00:29
3502160017,3502160,3502,1616076350,pertanian-pangan,28,28.00,perorangan,600.00,30,3502160017,3502160017,2021-03-18 14:09:39,2021-03-18 14:09:39
3502160017,3502160,3502,1616076586,pertanian-pangan,2,1.40,perorangan,10.00,30,3502160017,3502160017,2021-03-18 14:11:16,2021-03-18 14:11:16
3502160017,3502160,3502,1616076804,pertanian-buah,54,0.28,perorangan,5.00,38,3502160017,3502160017,2021-03-18 14:14:25,2021-03-18 14:14:52
3502160017,3502160,3502,1616076959,peternakan,156,0.07,perorangan,28.75,14,3502160017,3502160017,2021-03-18 14:18:18,2021-03-18 14:18:18
3502160017,3502160,3502,1616077113,peternakan,151,0.08,perorangan,411.00,15,3502160017,3502160017,2021-03-18 14:20:39,2021-03-18 14:20:39
3502160017,3502160,3502,1616077282,perikanan,182,0.01,perorangan,3.00,22,3502160017,3502160017,2021-03-18 14:22:26,2021-03-18 14:22:26
3502180002,3502180,3502,1603072438,pertanian-pangan,28,124.40,perorangan,0.00,1,3502180002,3502180002,2020-10-19 01:56:52,2020-10-19 01:56:52
3502180006,3502180,3502,1610596529,pertanian-pangan,28,216.00,perorangan,1512.00,30,3502180006,3502180006,2021-01-14 03:59:13,2021-01-14 03:59:13
3502180006,3502180,3502,1610596791,pertanian-pangan,18,4.00,perorangan,8.40,30,3502180006,3502180006,2021-01-14 04:00:43,2021-01-14 04:00:43
3502180006,3502180,3502,1610596851,pertanian-pangan,10,1.50,perorangan,15.75,30,3502180006,3502180006,2021-01-14 04:01:42,2021-01-14 04:01:42
3502180006,3502180,3502,1610597098,pertanian-pangan,15,2.00,perorangan,5.60,30,3502180006,3502180006,2021-01-14 04:05:34,2021-01-14 04:05:34
3502180006,3502180,3502,1610597142,pertanian-pangan,2,20.00,perorangan,1540.00,30,3502180006,3502180006,2021-01-14 04:06:22,2021-01-14 04:06:22
3502180008,3502180,3502,1614608337,pertanian-pangan,28,0.00,perorangan,0.00,30,3502180008,3502180008,2021-03-01 14:20:02,2021-03-01 14:20:02
3502180008,3502180,3502,1614608424,peternakan,137,0.00,perorangan,0.00,6,3502180008,3502180008,2021-03-01 14:21:16,2021-03-01 14:21:16
3502180010,3502180,3502,1604285310,pertanian-pangan,28,278.07,perorangan,20.00,30,3502180010,3502180010,2020-11-02 02:54:36,2020-11-02 02:54:36
3502180010,3502180,3502,1604285749,pertanian-pangan,20,55.61,perorangan,2.80,30,3502180010,3502180010,2020-11-02 02:56:38,2020-11-02 02:56:38
3502180010,3502180,3502,1604289573,kehutanan,6,0.00,perorangan,0.00,2,3502180010,3502180010,2020-11-02 03:59:59,2020-11-02 03:59:59
3502180012,3502180,3502,1614655973,pertanian-apotik,83,3.13,perorangan,12520.00,4,3502180012,3502180012,2021-03-02 03:36:11,2021-03-02 03:36:11
3502180012,3502180,3502,1615167935,pertanian-pangan,28,137.03,perorangan,137.03,1,3502180012,3502180012,2021-03-08 01:47:30,2021-03-08 01:47:30
3502180012,3502180,3502,1621825410,pertanian-buah,54,3.36,perorangan,2.35,38,3502180012,3502180012,2021-05-24 03:08:16,2021-05-24 03:08:16
3502180012,3502180,3502,1621826108,pertanian-buah,66,0.32,perorangan,10.00,38,3502180012,3502180012,2021-05-24 03:19:48,2021-05-24 03:19:48
3502180012,3502180,3502,1621826408,pertanian-buah,52,0.40,perorangan,5.00,38,3502180012,3502180012,2021-05-24 03:20:36,2021-05-24 03:20:36
3502180012,3502180,3502,1621826464,peternakan,137,0.44,perorangan,2.34,14,3502180012,3502180012,2021-05-24 03:34:17,2021-05-24 03:34:17
3502180012,3502180,3502,1621827293,peternakan,138,0.94,perorangan,2710.00,15,3502180012,3502180012,2021-05-24 03:39:33,2021-05-24 03:39:33
3502180012,3502180,3502,1621827580,peternakan,149,0.04,perorangan,2.88,14,3502180012,3502180012,2021-05-24 04:34:21,2021-05-24 04:34:21
3502180012,3502180,3502,1621827962,perikanan,182,0.01,perorangan,1250.00,7,3502180012,3502180012,2021-05-24 03:52:47,2021-05-24 03:53:35
3502180012,3502180,3502,1621828418,perikanan,169,0.05,perorangan,300.00,7,3502180012,3502180012,2021-05-24 03:56:19,2021-05-24 03:56:19
3502180012,3502180,3502,1621828583,perikanan,186,0.02,perorangan,2000.00,23,3502180012,3502180012,2021-05-24 03:57:09,2021-05-24 03:57:09
3502180012,3502180,3502,1621828754,pertanian-buah,65,0.00,perorangan,5250.00,32,3502180012,3502180012,2021-05-24 04:02:49,2021-05-24 04:02:49
3502180015,3502180,3502,1602558439,pertanian-pangan,28,382.50,perorangan,8196.00,30,3502180015,3502180015,2020-10-13 05:32:36,2021-02-26 02:16:27
3502180015,3502180,3502,1614604736,pertanian-buah,64,0.00,perorangan,0.00,3,3502180015,3502180015,2021-03-01 13:19:23,2021-03-01 13:19:23
3502180015,3502180,3502,1614605701,peternakan,138,0.00,perorangan,0.00,6,3502180015,3502180015,2021-03-01 13:35:33,2021-03-01 13:35:33
3502180015,3502180,3502,1614605737,peternakan,151,0.00,perorangan,0.00,6,3502180015,3502180015,2021-03-01 13:36:01,2021-03-01 13:36:01
3502180015,3502180,3502,1614605771,peternakan,156,0.00,perorangan,0.00,6,3502180015,3502180015,2021-03-01 13:36:32,2021-03-01 13:36:32
3502180015,3502180,3502,1616224899,pertanian-buah,54,0.00,perorangan,0.00,3,3502180015,3502180015,2021-03-20 07:21:58,2021-03-20 07:21:58
3502180015,3502180,3502,1616224924,pertanian-buah,65,0.00,perorangan,0.00,3,3502180015,3502180015,2021-03-20 07:22:31,2021-03-20 07:22:31
3502180015,3502180,3502,1616224956,pertanian-buah,66,0.00,perorangan,0.00,3,3502180015,3502180015,2021-03-20 07:22:49,2021-03-20 07:22:49
3502180015,3502180,3502,1616224979,pertanian-apotik,4,0.00,perorangan,0.00,4,3502180015,3502180015,2021-03-20 07:23:12,2021-03-20 07:23:12
3502180015,3502180,3502,1616224995,pertanian-apotik,79,0.00,perorangan,0.00,4,3502180015,3502180015,2021-03-20 07:24:44,2021-03-20 07:24:44
3502180015,3502180,3502,1616225088,pertanian-apotik,80,0.00,perorangan,0.00,4,3502180015,3502180015,2021-03-20 07:25:07,2021-03-20 07:25:07
3502180015,3502180,3502,1616225116,pertanian-apotik,82,0.00,perorangan,0.00,4,3502180015,3502180015,2021-03-20 07:25:26,2021-03-20 07:25:26
3502180015,3502180,3502,1616225131,pertanian-apotik,83,0.00,perorangan,0.00,4,3502180015,3502180015,2021-03-20 07:25:53,2021-03-20 07:25:53
3502180015,3502180,3502,1616225280,peternakan,149,0.14,perorangan,0.00,6,3502180015,3502180015,2021-03-20 07:31:19,2021-03-22 03:18:41
3502180015,3502180,3502,1616225502,perikanan,182,0.07,perorangan,5.00,22,3502180015,3502180015,2021-03-20 07:33:21,2021-03-22 03:17:58
3502190009,3502190,3502,1606280451,pertanian-pangan,28,250.00,perorangan,47250.00,30,3502190009,3502190009,2020-11-25 05:03:14,2020-11-25 05:03:14
3502190016,3502190,3502,1616164201,pertanian-buah,54,5.00,perorangan,50.00,38,3502190016,3502190016,2021-03-19 14:30:56,2021-04-20 16:08:17
3502190016,3502190,3502,1616164265,pertanian-apotik,83,12.00,perorangan,2000.00,4,3502190016,3502190016,2021-03-19 14:31:32,2021-03-21 18:52:34
3502190016,3502190,3502,1616164300,perkebunan,106,15.00,perorangan,1365.00,54,3502190016,3502190016,2021-03-19 14:32:22,2021-04-16 17:26:04
3502190016,3502190,3502,1616164349,kehutanan,117,15.00,perorangan,15750.00,2,3502190016,3502190016,2021-03-19 14:32:43,2021-04-20 16:29:41
3502190016,3502190,3502,1616164398,perikanan,182,500.00,perorangan,500.00,7,3502190016,3502190016,2021-03-19 14:33:50,2021-03-21 19:45:44
3502190016,3502190,3502,1616355853,perikanan,169,5.00,perorangan,200.00,7,3502190016,3502190016,2021-03-21 19:45:07,2021-03-21 19:45:07
3502190016,3502190,3502,1616356258,peternakan,151,2.00,perorangan,1400.00,15,3502190016,3502190016,2021-03-21 19:51:15,2021-04-20 16:35:33
3502190016,3502190,3502,1616356280,peternakan,156,1.00,perorangan,210.00,15,3502190016,3502190016,2021-03-21 19:51:33,2021-04-20 16:36:37
3502190016,3502190,3502,1616356337,peternakan,138,3.00,perorangan,20000.00,15,3502190016,3502190016,2021-03-21 19:52:41,2021-04-20 16:37:37
3502190016,3502190,3502,1616356376,perkebunan,99,10.00,perorangan,42.00,54,3502190016,3502190016,2021-03-21 19:53:06,2021-04-20 16:26:57
3502190016,3502190,3502,1616356418,kehutanan,7,2.00,perorangan,14000.00,2,3502190016,3502190016,2021-03-21 19:53:54,2021-04-20 16:30:45
3502190016,3502190,3502,1616356449,kehutanan,122,2.00,perorangan,2800.00,2,3502190016,3502190016,2021-03-21 19:54:28,2021-04-20 16:31:25
3502190016,3502190,3502,1616356499,pertanian-apotik,79,2.00,perorangan,8400.00,46,3502190016,3502190016,2021-03-21 19:55:07,2021-04-20 16:19:49
3502190016,3502190,3502,1616356564,pertanian-apotik,80,0.25,perorangan,5.00,46,3502190016,3502190016,2021-03-21 19:56:21,2021-04-20 16:22:42
3502190016,3502190,3502,1616356624,pertanian-buah,3,5.00,perorangan,40.00,38,3502190016,3502190016,2021-03-21 19:57:08,2021-04-20 16:13:45
3502190016,3502190,3502,1616356640,pertanian-buah,43,2.00,perorangan,40.00,38,3502190016,3502190016,2021-03-21 19:57:27,2021-04-20 16:15:11
3502190016,3502190,3502,1616356671,pertanian-buah,48,6.00,perorangan,56.00,38,3502190016,3502190016,2021-03-21 19:57:58,2021-04-20 16:16:19
3502190016,3502190,3502,1616356724,pertanian-buah,65,5.00,perorangan,63.00,38,3502190016,3502190016,2021-03-21 19:58:51,2021-04-20 16:17:30
3502190016,3502190,3502,1616356746,pertanian-buah,64,2.00,perorangan,19.60,38,3502190016,3502190016,2021-03-21 19:59:22,2021-04-20 16:18:29
3502190016,3502190,3502,1616356807,pertanian-pangan,2,125.00,perorangan,9625.00,30,3502190016,3502190016,2021-03-21 20:00:18,2021-04-20 15:53:01
3502190016,3502190,3502,1616356848,pertanian-pangan,12,2.00,perorangan,4.20,30,3502190016,3502190016,2021-03-21 20:01:04,2021-04-20 15:54:58
3502190016,3502190,3502,1616356868,pertanian-pangan,15,1.50,perorangan,7.50,30,3502190016,3502190016,2021-03-21 20:01:12,2021-04-20 15:56:08
3502190016,3502190,3502,1616356891,pertanian-pangan,21,1.00,perorangan,4.90,30,3502190016,3502190016,2021-03-21 20:01:35,2021-04-20 15:57:09
3502190016,3502190,3502,1616356908,pertanian-pangan,10,2.00,perorangan,16.00,30,3502190016,3502190016,2021-03-21 20:02:01,2021-04-20 15:57:44
3502190016,3502190,3502,1616356924,pertanian-pangan,27,2.00,perorangan,8.40,30,3502190016,3502190016,2021-03-21 20:02:33,2021-04-20 15:59:10
3502190016,3502190,3502,1616356955,pertanian-pangan,28,157.00,perorangan,3768.00,30,3502190016,3502190016,2021-03-21 20:02:42,2021-04-20 16:00:21
3502190016,3502190,3502,1616356964,pertanian-pangan,30,0.50,perorangan,3.50,30,3502190016,3502190016,2021-03-21 20:02:52,2021-04-20 16:01:07
3502190016,3502190,3502,1616356986,pertanian-pangan,32,1.00,perorangan,1.00,30,3502190016,3502190016,2021-03-21 20:03:10,2021-04-20 16:02:21
3502190016,3502190,3502,1616357016,pertanian-pangan,33,2.00,perorangan,12.00,30,3502190016,3502190016,2021-03-21 20:03:44,2021-04-20 16:03:00
3502190016,3502190,3502,1616357035,pertanian-pangan,37,2.00,perorangan,160.00,30,3502190016,3502190016,2021-03-21 20:04:07,2021-04-20 16:05:27
3502190016,3502190,3502,1616357060,pertanian-pangan,36,10.00,perorangan,70.00,30,3502190016,3502190016,2021-03-21 20:04:30,2021-04-20 16:06:33
3502190016,3502190,3502,1618936024,perkebunan,93,2.00,perorangan,5.60,54,3502190016,3502190016,2021-04-20 16:28:02,2021-04-20 16:28:02
3502190016,3502190,3502,1618936858,perikanan,186,0.50,perorangan,15.00,22,3502190016,3502190016,2021-04-20 16:45:39,2021-04-20 16:46:02
3502200001,3502200,3502,1616778085,pertanian-buah,3,1.00,perorangan,2000.00,3,3502200001,3502200001,2021-03-26 17:02:27,2021-03-26 17:02:27
3502200001,3502200,3502,1616778156,pertanian-buah,43,50.00,perorangan,30000.00,3,3502200001,3502200001,2021-03-26 17:03:19,2021-03-26 17:04:48
3502200001,3502200,3502,1616778205,pertanian-buah,55,50.00,perorangan,20000.00,3,3502200001,3502200001,2021-03-26 17:04:02,2021-03-26 17:05:04
3502200001,3502200,3502,1616778317,pertanian-buah,65,5.00,perorangan,5000.00,3,3502200001,3502200001,2021-03-26 17:05:50,2021-03-26 17:05:50
3502200001,3502200,3502,1616778355,pertanian-buah,62,4.00,perorangan,10000.00,3,3502200001,3502200001,2021-03-26 17:06:24,2021-03-26 17:06:24
3502200001,3502200,3502,1616778398,pertanian-apotik,79,2.00,perorangan,2000.00,4,3502200001,3502200001,2021-03-26 17:07:18,2021-03-26 17:07:18
3502200001,3502200,3502,1616778460,perkebunan,99,5.00,perorangan,10000.00,5,3502200001,3502200001,2021-03-26 17:08:23,2021-03-26 17:08:23
3502200001,3502200,3502,1616778508,perkebunan,106,10.00,perorangan,50000.00,5,3502200001,3502200001,2021-03-26 17:09:11,2021-03-26 17:09:11
3502200001,3502200,3502,1616778557,perkebunan,93,5.00,perorangan,2000.00,5,3502200001,3502200001,2021-03-26 17:10:06,2021-03-26 17:10:06
3502200001,3502200,3502,1616778619,kehutanan,7,5.00,perorangan,5000.00,2,3502200001,3502200001,2021-03-26 17:11:38,2021-03-26 17:11:38
3502200001,3502200,3502,1616778703,kehutanan,117,5.00,perorangan,1000.00,2,3502200001,3502200001,2021-03-26 17:12:12,2021-03-26 17:12:12
3502200001,3502200,3502,1616778736,kehutanan,127,3.00,perorangan,1000.00,2,3502200001,3502200001,2021-03-26 17:12:47,2021-03-26 17:12:47
3502200001,3502200,3502,1616778795,peternakan,151,10.00,perorangan,7500.00,6,3502200001,3502200001,2021-03-26 17:14:11,2021-03-26 17:15:44
3502200001,3502200,3502,1616778855,peternakan,137,2.00,perorangan,5000.00,6,3502200001,3502200001,2021-03-26 17:14:43,2021-03-26 17:14:43
3502200001,3502200,3502,1616778888,peternakan,138,2.00,perorangan,5000.00,6,3502200001,3502200001,2021-03-26 17:15:12,2021-03-26 17:15:12
3502200001,3502200,3502,1616778970,perikanan,182,1.00,perorangan,2000.00,7,3502200001,3502200001,2021-03-26 17:16:53,2021-03-26 17:16:53
3502200005,3502200,3502,1625802460,pertanian-pangan,36,800.00,perorangan,4000.00,1,3502200005,3502200005,2021-07-09 03:48:48,2021-07-09 03:48:48
3502200005,3502200,3502,1625802535,pertanian-buah,43,2.00,perorangan,800.00,3,3502200005,3502200005,2021-07-09 03:49:35,2021-07-09 03:49:35
3502200005,3502200,3502,1625808665,perkebunan,102,20.00,perusahaan,2000.00,5,3502200005,3502200005,2021-07-09 05:31:37,2021-07-09 05:31:37
3502200005,3502200,3502,1625808722,kehutanan,122,4.00,perorangan,300.00,2,3502200005,3502200005,2021-07-09 05:33:06,2021-07-09 05:33:06
3502200005,3502200,3502,1625808796,peternakan,151,1.00,perorangan,2000.00,6,3502200005,3502200005,2021-07-09 05:34:04,2021-07-09 05:34:04
3502200005,3502200,3502,1625808848,perikanan,186,1.00,perorangan,2000.00,7,3502200005,3502200005,2021-07-09 05:34:37,2021-07-09 05:34:37
3502200005,3502200,3502,1625808883,perikanan,182,1.00,perorangan,500.00,7,3502200005,3502200005,2021-07-09 05:35:10,2021-07-09 05:35:10
3502200005,3502200,3502,1626054920,pertanian-pangan,34,800.00,pemerintah,2000.00,1,3502200005,3502200005,2021-07-12 01:55:56,2021-07-12 01:55:56
3502200005,3502200,3502,1626054962,pertanian-pangan,37,4.00,perorangan,4000.00,1,3502200005,3502200005,2021-07-12 01:56:40,2021-07-12 01:56:40
3502200005,3502200,3502,1626055008,pertanian-buah,3,1.00,perorangan,500.00,3,3502200005,3502200005,2021-07-12 01:57:09,2021-07-12 01:57:09
3502200005,3502200,3502,1626055034,pertanian-buah,55,4.00,perorangan,2000.00,3,3502200005,3502200005,2021-07-12 01:57:36,2021-07-12 01:57:36
3502200005,3502200,3502,1626055061,pertanian-buah,62,2.00,perorangan,700.00,3,3502200005,3502200005,2021-07-12 01:57:54,2021-07-12 01:57:54
3502200005,3502200,3502,1626055080,pertanian-buah,65,4.00,perorangan,2000.00,3,3502200005,3502200005,2021-07-12 01:58:23,2021-07-12 01:58:23
3502200005,3502200,3502,1626055150,kehutanan,127,5.00,perorangan,100.00,2,3502200005,3502200005,2021-07-12 01:59:38,2021-07-12 01:59:38
3502200005,3502200,3502,1626055185,kehutanan,7,1.00,perorangan,200.00,2,3502200005,3502200005,2021-07-12 02:00:14,2021-07-12 02:00:14
3502200005,3502200,3502,1626055229,peternakan,137,0.50,perorangan,1000.00,6,3502200005,3502200005,2021-07-12 02:01:00,2021-07-12 02:01:00
3502200005,3502200,3502,1626055267,peternakan,138,1.00,perorangan,5000.00,6,3502200005,3502200005,2021-07-12 02:01:30,2021-07-12 02:01:30
3502200005,3502200,3502,1626055295,peternakan,156,0.20,perorangan,10.00,6,3502200005,3502200005,2021-07-12 02:02:08,2021-07-12 02:02:08
3502200007,3502200,3502,1606704919,pertanian-buah,43,0.00,perorangan,0.00,3,3502200007,3502200007,2020-11-30 02:56:08,2020-11-30 02:56:08
