kd_kabupaten,kd_kecamatan,kd_desa,no_rt,no_rw,dusun_lingkungan,no,nama,jenis,alamat,keterangan,created_by,updated_by,created_at,updated_at
3502,3502010,3502010001,2,1,Pojok Sejahtera,1,Posyandu Sehat Amanah,balita,Jl. KH,Ok,3502010001,3502010001,2018-10-09 07:40:33,2018-10-09 07:40:33
3502,3502010,3502010003,10,4,Krajan,1,Posyandu Balita Krajan,balita,Rt 11 Rw 04 Dukuh Krajan,,3502010003,3502010003,2021-07-17 21:50:48,2021-07-17 21:51:58
3502,3502010,3502010003,3,1,Pucung,2,Posyandu Balita Pucung,balita,Rt 03 Rw 01 Dukuh Pucung,,3502010003,3502010003,2021-07-17 21:51:38,2021-07-17 21:51:38
3502,3502010,3502010003,10,4,Krajan,3,Posyandu Lansia Krajan,balita,Rt 10 Rw 04 Dukuh Krajan,,3502010003,3502010003,2021-07-17 21:52:38,2021-07-17 21:52:38
3502,3502010,3502010003,3,1,Pucung,4,Posyandu Lansia Pucung,balita,Rt 03 Rw 01 Dukuh Pucung,,3502010003,3502010003,2021-07-17 21:53:21,2021-07-17 21:53:21
3502,3502010,3502010004,3,4,Krajan,1,posyandu balita Krajan,balita,Dukuh Krajan,,3502010004,3502010004,2021-03-30 02:56:53,2021-03-30 02:56:53
3502,3502010,3502010004,1,2,Dukuh Tempuran Desa Mrayan,2,posyandu balita Tempuran,balita,Tempuran,,3502010004,3502010004,2021-03-30 02:58:48,2021-03-30 02:58:48
3502,3502010,3502010004,1,2,Dukuh Pakel Desa Mrayan,3,Posyandu balita Pakel,balita,Pakel,,3502010004,3502010004,2021-03-30 03:00:09,2021-03-30 03:00:09
3502,3502010,3502010004,3,1,Dukuh Plandon Desa Mrayan,4,Posyandu balita Plandon I,balita,SOBO,,3502010004,3502010004,2021-03-30 03:01:29,2021-03-30 03:01:29
3502,3502010,3502010004,2,3,Dukuh Plandon Desa Mrayan,5,Posyandu balita Plandon II,balita,Dompyong,,3502010004,3502010004,2021-03-30 03:02:24,2021-03-30 03:02:24
3502,3502010,3502010004,1,4,Dukuh Krajan Desa Mrayan,6,Posyandu Lansia Krajan,balita,Krajan,,3502010004,3502010004,2021-03-30 03:03:53,2021-03-30 03:03:53
3502,3502010,3502010004,1,4,Dukuh Krajan Desa Mrayan,7,Posyandu Lansia PWRI Krajan,balita,Krajan,,3502010004,3502010004,2021-03-30 03:04:40,2021-03-30 03:04:40
3502,3502010,3502010005,1,4,KRAJAN,1,POSYANDU BALITA KRAJAN,balita,RT 01 RW 04 KRAJAN,,3502010005,3502010005,2020-12-28 14:32:07,2020-12-28 14:32:07
3502,3502010,3502010005,1,1,BLUMBANG,2,POSYANDU BALITA BLUMBANG,balita,DUKUH BLUMBANG,,3502010005,3502010005,2020-12-28 14:35:33,2020-12-28 14:35:33
3502,3502010,3502010005,1,5,PETUNG,3,POSYANDU BALITA PETUNG I,balita,DUKUH PETUNG,,3502010005,3502010005,2020-12-28 14:36:37,2020-12-28 14:36:37
3502,3502010,3502010005,1,2,PETUNG,4,POSYANDU BALITA PETUNG II,balita,DUKUH PETUNG,,3502010005,3502010005,2020-12-28 14:37:51,2020-12-28 14:37:51
3502,3502010,3502010005,1,1,KRAJAN,5,POSYANDU LANSIA KRAJAN - BLUMBANG,balita,KRAJAN,,3502010005,3502010005,2020-12-28 14:38:53,2020-12-28 14:38:53
3502,3502010,3502010005,1,4,PETUNG,6,POSYANDU LANSIA PETUNG I,balita,DUKUH PETUNG,,3502010005,3502010005,2020-12-28 14:39:56,2020-12-28 14:39:56
3502,3502010,3502010005,1,2,PETUNG,7,POSYANDU LANSIA PETUNG II,balita,DUKUH PETUNG,,3502010005,3502010005,2020-12-28 14:40:37,2020-12-28 14:40:37
3502,3502010,3502010009,2,1,DUKUH KRAJAN,1,POSYANDU BALITA KRAJAN,balita,,,3502010009,3502010009,2020-10-14 16:25:47,2020-10-14 16:25:47
3502,3502010,3502010009,3,1,DUKUH PUTUK,2,POSYANDU BALITA PUTUK I,balita,,,3502010009,3502010009,2020-10-14 16:27:05,2020-10-14 16:27:55
3502,3502010,3502010009,2,4,DUKUH PUTUK,3,POSYANDU BALITA PUTUK II,balita,,,3502010009,3502010009,2020-10-14 16:27:40,2020-10-14 16:27:40
3502,3502010,3502010009,3,2,DUKUH GAMPING,4,POSYANDU BALITA GAMPING,balita,,,3502010009,3502010009,2020-10-14 16:28:39,2020-10-14 16:28:39
3502,3502010,3502010009,1,1,DUKUH MANGGIS,5,POSYANDU BALITA MANGGIS I,balita,,,3502010009,3502010009,2020-10-14 16:29:07,2020-10-14 16:29:07
3502,3502010,3502010009,3,3,DUKUH MANGGIS,6,POSYANDU BALITA MANGGIS II,balita,,,3502010009,3502010009,2020-10-14 16:29:25,2020-10-14 16:29:25
3502,3502010,3502010009,1,1,DUKUH KRAJAN,7,POSYANDU LANSIA KRAJAN,balita,,,3502010009,3502010009,2020-10-14 16:29:55,2020-10-14 16:29:55
3502,3502010,3502010009,3,1,DUKUH PUTUK,8,POSYANDU LANSIA PUTUK,balita,,,3502010009,3502010009,2020-10-14 16:30:29,2020-10-14 16:30:29
3502,3502010,3502010009,3,1,DUKUH GAMPING,9,POSYANDU LANSIA GAMPING,balita,,,3502010009,3502010009,2020-10-14 16:30:51,2020-10-14 16:30:51
3502,3502010,3502010009,3,3,DUKUH MANGGIS,10,POSYANDU LANSIA MANGGIS,balita,,,3502010009,3502010009,2020-10-14 16:31:16,2020-10-14 16:31:16
3502,3502020,3502020001,1,1,Krajan,1,POSYANDU KRAJAN ( BALITA ),balita,Dukuh Krajan Desa Tugurejo,,3502020001,3502020001,2021-07-08 02:54:53,2021-07-08 02:55:18
3502,3502020,3502020011,2,2,gagakan,1,posyandu balita gagakan,balita,jl pangeran no 27,,3502020011,3502020011,2021-02-04 01:58:34,2021-02-09 06:12:15
3502,3502020,3502020011,1,1,ngelo,2,posyandu balita Ngelo,balita,"dusun ngelo, desa ngloning",,3502020011,3502020011,2021-02-09 06:11:20,2021-02-09 06:12:35
3502,3502020,3502020011,2,2,gagakan,3,posyandu lansia ngloning,balita,jl. pangeran no 27,,3502020011,3502020011,2021-02-09 06:13:26,2021-02-09 06:13:26
3502,3502020,3502020011,2,2,gagakan,4,posbindu,balita,jl. pangeran no 27,,3502020011,3502020011,2021-02-09 06:14:07,2021-02-09 06:14:07
3502,3502020,3502020012,5,2,JETIS,1,POSYANDU JETIS,balita,JETIS,,3502020012,3502020012,2021-03-18 04:33:01,2021-03-18 04:33:01
3502,3502020,3502020012,4,2,ASEM LEGI,2,POSYANDU ASEM LEGI,balita,ASEM LEGI,,3502020012,3502020012,2021-03-18 04:35:25,2021-03-18 04:35:25
3502,3502020,3502020012,4,2,BRENGGOLO,3,POSYANDU BRENGGOLO,balita,BRENGGOLO,,3502020012,3502020012,2021-03-18 04:36:03,2021-03-18 04:36:03
3502,3502020,3502020013,2,1,Krajan,1,POSYANDU KRAJAN (balita),balita,Jalan Sriti Dukuh Krajan,,3502020013,3502020013,2020-11-26 05:00:55,2021-05-05 07:28:52
3502,3502020,3502020013,1,1,KARANGAN,2,POSYANDU KARANGAN,balita,Jalan Karangsari Nomer 06,,3502020013,3502020013,2020-11-26 05:01:36,2020-11-26 05:01:36
3502,3502020,3502020013,2,1,Banggel,3,POSYANDU BANGGEL,balita,Jalan Sambirejo,,3502020013,3502020013,2020-11-26 05:02:05,2020-11-26 05:02:05
3502,3502020,3502020015,1,1,Manggala,1,MANGGALA,balita,Jln Raya Bungkal No 02 Truneng,,3502020015,3502020015,2020-10-27 04:16:30,2020-10-27 04:18:50
3502,3502020,3502020015,1,2,Setono,2,SETONO,balita,JL Raya Bungkal No 106 Truneng,,3502020015,3502020015,2020-10-27 04:17:47,2020-10-27 04:17:47
3502,3502030,3502030001,2,2,PELEM,1,POSYANDU BALITA,balita,DESA PELEM,,3502030001,3502030001,2021-03-22 04:57:41,2021-03-22 04:57:41
3502,3502030,3502030001,2,2,DUKUH PELEM,2,POSYANDU LANSIA,balita,DESA PELEM,,3502030001,3502030001,2021-03-22 04:58:30,2021-03-22 04:58:30
3502,3502030,3502030007,3,1,BIBIS,1,POSYANDU BALITA BIBIS,balita,DUSUN BIBIS,,3502030007,3502030007,2020-10-08 04:49:32,2020-10-08 06:14:53
3502,3502030,3502030007,2,2,GLAGAH MALANG,2,MULTI KURA-KURA,balita,DUSUN GLAGAH MALANG,,3502030007,3502030007,2020-10-08 04:50:11,2020-10-08 04:50:39
3502,3502030,3502030007,3,1,DUSUN PAGER TENGAH,3,MULTI BUAYA,balita,DUSUN PAGER TENGAH,,3502030007,3502030007,2020-10-08 04:51:22,2020-10-08 04:51:22
3502,3502030,3502030007,3,1,DUSUN BIBIS,4,POSYANDU LANSIA BINA SEHAT,balita,JL. PRINGGO KUSUMO NO. 24,,3502030007,3502030007,2020-10-08 05:09:22,2020-10-08 06:17:28
3502,3502040,3502040006,1,1,Dukuh Krajan,1,"BALITA  "" NGUDI RAHAYU """,balita,Bedingin Sambit Ponorogo,,3502040006,3502040006,2021-01-06 06:05:50,2021-01-06 06:16:29
3502,3502040,3502040006,2,1,Kambangrejo,2,"BALITA  "" SIDO MULYO """,balita,"Bedingin, Sambit, Ponorogo",,3502040006,3502040006,2021-01-06 06:10:06,2021-01-06 06:17:12
3502,3502040,3502040006,1,1,Dukuh Krajan,3,"LANSIA "" NGUDI WARAS """,balita,"Ds. Bedingin,  Sambit, Ponorogo",,3502040006,3502040006,2021-01-06 06:14:04,2021-01-06 06:14:04
3502,3502040,3502040006,2,1,Kambangrejo,4,"POSBINDU "" BAGAS WARAS """,balita,"Bedingin, Sambit, Ponorogo",,3502040006,3502040006,2021-01-06 06:15:21,2021-01-06 06:15:21
3502,3502040,3502040015,2,3,Kemuning-Jogowangsan,1,Bina Husada 1,balita,Jln Jend. Sudirman,Bertempat di Balai Desa Kemuning,3502040015,3502040015,2018-10-28 09:53:05,2018-10-28 09:53:05
3502,3502040,3502040015,1,2,Jogowangsan,2,Bina Husada 2,balita,Jln. Sukarno-Hatta,Bertempat di Rumah Bapak Sukro,3502040015,3502040015,2018-10-28 09:55:48,2018-10-28 09:55:48
3502,3502050,3502050001,2,1,Gondang,1,POSYANDU DUKUH GONDANG,balita,Desa Tumpuk Kecamatan Sawoo Kabupaten Ponorogo,,3502050001,3502050001,2021-07-08 02:56:17,2021-07-08 02:56:17
3502,3502050,3502050001,1,2,Dukuh Salam,2,POSYANDU DUKUH SALAM,balita,Desa Tumpuk Kecamatan Sawoo Kabupaten Ponorogo,,3502050001,3502050001,2021-07-08 02:58:38,2021-07-08 02:58:38
3502,3502050,3502050001,2,1,Ngengor,3,POSYANDU DUKUH NGENGOR,balita,Desa Tumpuk Kecamatan Sawoo Kabupaten Ponorogo,,3502050001,3502050001,2021-07-08 08:42:05,2021-07-08 08:42:05
3502,3502050,3502050001,1,2,Sumber,4,POSYANDU DUKUH SUMBER,balita,Desa Tumpuk Kecamatan Sawoo Kabupaten Ponorogo,,3502050001,3502050001,2021-07-08 08:42:52,2021-07-08 08:42:52
3502,3502050,3502050002,1,1,Krambil,1,Posyandu Dkh.Krambil,balita,Dkh.Krambil RT.001 RW.001 Ds.Pangkal,,3502050002,3502050002,2021-07-08 09:43:43,2021-07-08 09:43:43
3502,3502050,3502050003,2,1,KRAJAN,1,BALITA,balita,DESA TUMPAKPELEM,,3502050003,3502050003,2021-07-08 15:09:29,2021-07-08 15:09:29
3502,3502050,3502050003,4,3,KRAJAN,2,BALITA,balita,DESA TUMPAKPELEM,,3502050003,3502050003,2021-07-08 15:10:21,2021-07-08 15:10:21
3502,3502050,3502050003,3,1,WATES,3,BALITA,balita,DESA TUMPAKPELEM,,3502050003,3502050003,2021-07-08 15:13:49,2021-07-08 15:13:49
3502,3502050,3502050003,2,2,WATES,4,BALITA,balita,DESA TUMPAKPELEM,,3502050003,3502050003,2021-07-08 15:14:30,2021-07-08 15:14:30
3502,3502050,3502050003,1,2,JABAG,5,BALITA,balita,DESA TUMPAKPELEM,,3502050003,3502050003,2021-07-08 15:16:45,2021-07-08 15:16:45
3502,3502050,3502050004,16,5,Krajan,1,Posyandu Krajan,balita,Dukuh Krajan RT 03 RW 04 Desa Tempuran,,3502050004,3502050004,2021-03-26 01:19:43,2021-03-26 01:19:43
3502,3502050,3502050004,15,5,Petung,2,Posyandu Petung,balita,Dukuh Petung RT 01 RW 05 Desa Tempuran,,3502050004,3502050004,2021-03-26 01:20:44,2021-03-26 01:20:44
3502,3502050,3502050004,16,7,Karangrejo,3,Posyandu Karangrejo,balita,Dukuh Karangrejo RT 01 RW 02 Desa Tempuran,,3502050004,3502050004,2021-03-26 01:22:03,2021-03-26 01:22:03
3502,3502050,3502050004,5,2,Semanding,4,Posyandu Semanding,balita,Dukuh Semanding RT 02 RW 01 Desa Tempuran,,3502050004,3502050004,2021-03-26 01:23:04,2021-03-26 01:23:04
3502,3502050,3502050005,3,1,Dasri,1,POSYANDU BALITA DASRI,balita,Dukuh Dasri,,3502050005,3502050005,2021-07-08 11:24:10,2021-07-08 11:24:10
3502,3502050,3502050005,3,1,TAWANG,2,POSYANDU BALITA TAWANG,balita,DUKUH TAWANG,,3502050005,3502050005,2021-07-08 11:25:05,2021-07-08 11:25:05
3502,3502050,3502050005,3,1,NGEMPLAK,3,POSYANDU BALITA NGEMPLAK,balita,DUKUH NGEMPLAK,,3502050005,3502050005,2021-07-08 11:25:35,2021-07-08 11:25:35
3502,3502050,3502050005,1,3,TARAP,4,POSYANDU BALITA TARAP,balita,DUKUH TARAP,,3502050005,3502050005,2021-07-08 11:25:57,2021-07-08 11:25:57
3502,3502050,3502050005,3,1,DASRI,5,POSYANDU LANSIA DASRI,balita,DUKUH DASRI,,3502050005,3502050005,2021-07-08 11:26:32,2021-07-08 11:26:32
3502,3502050,3502050005,1,2,TAWANG,6,POSYANDU LANSIA TAWANG,balita,DUKUH TAWANG,,3502050005,3502050005,2021-07-08 11:27:09,2021-07-08 11:27:09
3502,3502050,3502050005,3,1,NGEMPLAK,7,POSYANDU LANSIA NGEMPLAK,balita,DUKUH NGEMPLAK,,3502050005,3502050005,2021-07-08 11:27:47,2021-07-08 11:27:47
3502,3502050,3502050005,1,3,TARAP,8,POSYANDU LANSIA TARAP,balita,DUKUH TARAP,,3502050005,3502050005,2021-07-08 11:28:14,2021-07-08 11:28:14
3502,3502050,3502050007,1,2,Dk Kleco,1,MELATI,balita,rt 001 rw 002 dk Kleco Ds Sawoo Kec Sawoo Kab Ponorogo,,3502050007,3502050007,2021-07-09 12:16:37,2021-07-09 13:36:59
3502,3502050,3502050007,1,1,dk Sawoo,2,DELIMA,balita,jln Sunan Kumbul no 22,,3502050007,3502050007,2021-07-09 12:17:29,2021-07-09 13:51:22
3502,3502050,3502050007,5,4,dk Sawoo,3,CERIA,balita,Ling Legaran,,3502050007,3502050007,2021-07-09 12:18:46,2021-07-09 13:51:46
3502,3502050,3502050007,4,1,dk Kacangan,4,DAHLIA,balita,Jl Raya Ponorogo Trenggalek,,3502050007,3502050007,2021-07-09 12:21:09,2021-07-09 13:52:07
3502,3502050,3502050007,5,2,dk Ngemplak,5,ANGGREK,balita,jl raya Trenggalek Ponorogo,,3502050007,3502050007,2021-07-09 12:21:50,2021-07-09 13:52:24
3502,3502050,3502050007,2,1,dk Kocor,6,MAWAR,balita,Jl Raya Sawoo Sriti,,3502050007,3502050007,2021-07-09 12:23:16,2021-07-09 13:52:44
3502,3502050,3502050009,2,1,KRAJAN,1,FLAMBOYAN 1,balita,DESA TUGUREJO,,3502050009,3502050009,2021-07-09 03:44:38,2021-07-09 03:44:38
3502,3502050,3502050009,1,1,GONDANG,2,FLAMBOYAN 2,balita,DESA TUGUREJO,,3502050009,3502050009,2021-07-09 03:46:14,2021-07-09 03:46:14
3502,3502050,3502050013,2,2,JOTANGAN,1,NUSA INDAH I (BALITA),balita,JL. KI HAJAR DEWANTARA ,,3502050013,3502050013,2020-12-17 02:08:50,2020-12-17 02:08:50
3502,3502050,3502050013,2,2,JOTANGAN,2,MARGO MULYO I (LANSIA),balita,JL. KI HAJAR DEWANTARA,,3502050013,3502050013,2020-12-17 02:09:44,2020-12-17 02:09:44
3502,3502050,3502050013,1,1,TENGAH,3,NUSA INDAH II (BALITA),balita,JALN KI HAJAR DEWANTARA NO 42,,3502050013,3502050013,2021-07-08 14:23:44,2021-07-08 14:23:44
3502,3502050,3502050013,1,1,TENGAH,4,NUSA INDAH II (BALITA),balita,JLN RA KARTINI ,,3502050013,3502050013,2021-07-08 14:24:22,2021-07-08 14:25:33
3502,3502050,3502050013,1,1,PETAK,5,NUSA INDAH III (BALITA),balita,JLN RA KARTINI ,,3502050013,3502050013,2021-07-08 14:25:13,2021-07-08 14:25:13
3502,3502050,3502050013,1,2,NGLUWENG,6,NUSA INDAH IV (BALITA),balita,JLN RA KARTINI,,3502050013,3502050013,2021-07-08 14:26:08,2021-07-08 14:26:08
3502,3502050,3502050013,1,1,TENGAH,7,MARGO MULYO II  (LANSIA),balita,JLN KI HAJAR DEWANTARA ,,3502050013,3502050013,2021-07-08 14:27:00,2021-07-08 14:27:00
3502,3502050,3502050013,1,1,PETAK,8,MARGO MULYO III  (LANSIA),balita,JLAN RA KARTINI,,3502050013,3502050013,2021-07-08 14:27:33,2021-07-08 14:27:33
3502,3502050,3502050013,1,2,NGLUWENG,9,MARGO MULYO IV  (LANSIA),balita,JLN RA KARTINI,,3502050013,3502050013,2021-07-08 14:28:07,2021-07-08 14:28:07
3502,3502060,3502060001,1,6,KRAJAN,1,POSYANDU KRAJAN,balita,DESA NGADIROJO,,3502060001,3502060001,2020-10-15 02:11:25,2020-10-15 02:11:25
3502,3502060,3502060001,1,1,KARANGREJO,2,POSYANDU KARANGREJO,balita,DESA NGADIROJO,,3502060001,3502060001,2020-10-15 02:12:36,2020-10-15 02:12:36
3502,3502060,3502060001,2,2,PLOSO,3,POSYANDU PLOSO,balita,DESA NGADIROJO,,3502060001,3502060001,2020-10-15 02:13:28,2020-10-15 02:13:28
3502,3502060,3502060001,1,2,WATES,4,POSYANDU WATES,balita,DESA NGADIROJO,,3502060001,3502060001,2020-10-15 02:16:26,2020-10-15 02:16:26
3502,3502060,3502060001,1,2,BUYUT,5,POSYANDU BUYUT,balita,DESA NGADIROJO,,3502060001,3502060001,2020-10-15 02:17:09,2020-10-15 02:17:09
3502,3502060,3502060001,1,1,CENTONG,6,POSYANDU CENTONG,balita,DESA NGADIROJO,,3502060001,3502060001,2020-10-15 02:17:49,2020-10-15 02:17:49
3502,3502060,3502060002,2,3,Ngapak,1,Posyandu Ngapak,balita,Dusun Ngapak,,3502060002,3502060002,2020-11-04 02:36:09,2020-11-04 02:36:09
3502,3502060,3502060002,1,1,Klepu,2,Posyandu Klepu,balita,Dusun Klepu,,3502060002,3502060002,2020-11-04 02:36:42,2020-11-04 02:36:42
3502,3502060,3502060002,3,1,Sambi,3,Posyandu Sambi,balita,Dusun Sambi,,3502060002,3502060002,2020-11-04 02:37:18,2020-11-04 02:37:18
3502,3502060,3502060002,1,4,Jogorejo,4,Posyandu Jogorejo,balita,Dusun Jogorejo,,3502060002,3502060002,2020-11-04 02:38:04,2020-11-04 02:38:04
3502,3502060,3502060003,2,1,BULU,1,Posyandu Bulu,balita,Dukuh Bulu,,3502060003,3502060003,2020-10-12 06:39:44,2020-10-12 06:39:44
3502,3502060,3502060003,1,2,Popongan,2,Posyandu Popongan 1,balita,Dukuh Popongan,,3502060003,3502060003,2020-10-12 06:40:48,2020-10-12 06:40:48
3502,3502060,3502060003,1,7,Popongan,3,Posyandu Popongan 2,balita,Dukuh Popongan,,3502060003,3502060003,2020-10-12 06:41:40,2020-10-12 06:41:40
3502,3502060,3502060003,2,1,Sepat,4,Posyandu Sepat,balita,Dukuh Sepat,,3502060003,3502060003,2020-10-12 06:42:10,2020-10-12 06:42:10
3502,3502060,3502060003,1,1,Gunung Tukul,5,Posyandu Gunung Tukul,balita,Dukuh Gunung Tukul,,3502060003,3502060003,2020-10-12 06:43:05,2020-10-12 06:43:05
3502,3502060,3502060004,3,1,kalimangu,1,matahari,balita,sooko,,0944be82a55a49238a8df4f8023e1801,0944be82a55a49238a8df4f8023e1801,2020-03-10 03:34:24,2020-03-10 03:37:48
3502,3502060,3502060004,2,2,dalangan,2,melati,balita,dalanagan,,0944be82a55a49238a8df4f8023e1801,0944be82a55a49238a8df4f8023e1801,2020-03-10 03:35:33,2020-03-10 03:37:30
3502,3502060,3502060004,1,1,blimbing,3,mawar,balita,blimbing,,0944be82a55a49238a8df4f8023e1801,0944be82a55a49238a8df4f8023e1801,2020-03-10 03:37:15,2020-03-10 03:37:15
3502,3502060,3502060004,1,1,sombro,4,permata hati,balita,sombro,,0944be82a55a49238a8df4f8023e1801,0944be82a55a49238a8df4f8023e1801,2020-03-10 03:39:25,2020-03-10 03:39:25
3502,3502060,3502060004,2,2,dalangan,5,bAGas wagras,lansia,dalangan,,0944be82a55a49238a8df4f8023e1801,0944be82a55a49238a8df4f8023e1801,2020-03-10 03:39:58,2020-03-10 03:41:27
3502,3502060,3502060004,1,1,sombro,6,bhakti pertiwi,lansia,sombro,,0944be82a55a49238a8df4f8023e1801,0944be82a55a49238a8df4f8023e1801,2020-03-10 03:40:52,2020-03-10 03:40:52
3502,3502060,3502060005,2,1,JETIS,1,JETIS,balita,Jl Raya Klepu,,3502060005,3502060005,2020-10-22 13:25:33,2020-10-22 13:25:33
3502,3502060,3502060005,1,1,PURU,2,PURU,balita,Jalan Raya Trenggalek,,3502060005,3502060005,2020-10-22 13:26:12,2020-10-22 13:26:12
3502,3502060,3502060005,2,4,SEPUNG,3,SEPUNG,balita,Dukuh Sepung,,3502060005,3502060005,2020-10-22 13:27:07,2020-10-22 13:27:07
3502,3502060,3502060006,2,1,Srayu,1,POSYANDU SRAYU,balita,Dukuh Srayu,,3502060006,3502060006,2020-10-19 04:45:50,2020-10-19 04:45:50
3502,3502060,3502060006,1,3,Dukuh Jurug,2,POSYANDU JURUG,balita,Dukuh Jurug,,3502060006,3502060006,2020-10-19 04:47:06,2020-10-19 04:47:06
3502,3502060,3502060006,2,2,Dukuh Kranggan,3,POSYANDU KRANGGAN,balita,Dukuh Kranggan,,3502060006,3502060006,2020-10-19 04:47:41,2020-10-19 04:47:41
3502,3502060,3502060006,2,2,Dukuh Plongko,4,POSYANDU PLONGKO,balita,Dukuh Plongko,,3502060006,3502060006,2020-10-19 04:48:30,2020-10-19 04:48:30
3502,3502060,3502060006,2,2,Dukuh Setumbal,5,POSYANDU SETUMBAL,balita,Dukuh Setumbal,,3502060006,3502060006,2020-10-19 04:49:18,2020-10-19 04:49:18
3502,3502060,3502060006,4,6,Dukuh Setumbal,6,POSYANDU SAWAHAN,balita,Dukuh Setumbal,,3502060006,3502060006,2020-10-19 04:50:18,2020-10-19 04:50:18
3502,3502060,3502060006,2,1,Dukuh Nglegok,7,POSYANDU NGLEGOK,balita,Dukuh Nglegok,,3502060006,3502060006,2020-10-19 04:50:57,2020-10-19 04:50:57
3502,3502061,3502061001,2,1,Krajan,1,Cinta Nusantara,balita,Dukuh Krajan,,3502061001,3502061001,2020-10-22 05:34:13,2020-10-22 05:34:13
3502,3502061,3502061001,4,1,DUKUH,2,Tunas Harapan,balita,DKH DUKUH,,3502061001,3502061001,2021-02-08 14:25:39,2021-02-08 14:26:48
3502,3502061,3502061001,1,2,SUNTEN,3,Permata Hati,balita,DKH SUNTEN,,3502061001,3502061001,2021-02-08 14:28:08,2021-02-08 14:28:08
3502,3502061,3502061004,8,3,SUROKOYO,1,SUROKOYO CERDAS,balita,Dukuh Surokoyo,,3502061004,3502061004,2020-10-20 04:33:25,2020-10-20 04:33:25
3502,3502061,3502061004,3,1,Krisik,2,KRISIK CERIA,balita,Dukuh Krisik,,3502061004,3502061004,2020-10-20 04:34:16,2020-10-20 04:34:16
3502,3502061,3502061005,1,1,Dkh Tambang,1,POSYANDU BALITA MELATI,balita,Desa Tambang,,3502061005,3502061005,2020-10-20 06:09:17,2020-10-20 06:09:17
3502,3502061,3502061005,5,2,Dukuh Tumpak Rejo,2,Posyandu Balita Mawar,balita,Desa Tambang,,3502061005,3502061005,2020-10-20 06:10:12,2020-10-20 06:10:31
3502,3502061,3502061005,1,1,Dukuh Tambang,3,Posyandu Lansia Intan,balita,Desa Tambang,,3502061005,3502061005,2020-10-20 06:11:38,2020-10-20 06:11:38
3502,3502061,3502061005,5,2,Dukuh Tumpak Rejo,4,Posyandu Lansia Permata,balita,Desa Tambang,,3502061005,3502061005,2020-10-20 06:12:19,2020-10-20 06:12:19
3502,3502061,3502061005,6,2,Dukuh Tumpak Rejo,5,Posyandu Lansia Berlian,balita,Desa Tambang,,3502061005,3502061005,2020-10-20 06:13:29,2020-10-20 06:13:29
3502,3502070,3502070007,3,2,DUKUH BEDAGAN,1,POSYANDU BALITA DUKUH BEDAGAN,balita,DUKUH BEDAGAN DESA PULUNG KEC. PULUNG KAB. PONOROGO,,3502070007,3502070007,2021-03-09 02:23:01,2021-03-09 02:23:01
3502,3502070,3502070007,3,1,Sekandang,2,POSYANDU BALITA DUKUH SEKANDANG,balita,"Desa Pulung, Kec. Pulung",,3502070007,3502070007,2021-03-09 02:24:06,2021-03-09 02:24:48
3502,3502070,3502070007,2,2,KRAJAN,3,POSYANDU BALITA DUKUH KRAJAN,balita,DESA PULUNG KEC. PULUNG,,3502070007,3502070007,2021-03-09 02:35:30,2021-03-09 02:35:30
3502,3502070,3502070007,1,2,KEBON,4,POSYANDU BALITA DUKUH KEBON,balita,DESA PULUNG KEC. PULUNG,,3502070007,3502070007,2021-03-09 02:36:21,2021-03-09 02:36:21
3502,3502070,3502070007,1,4,KRAJAN,5,POSYANDU BALITA DUKUH KRAJAN LINGKUNGAN DADAPAN,balita,DESA PULUNG KEC. PULUNG,,3502070007,3502070007,2021-03-09 02:37:19,2021-03-09 02:37:19
3502,3502070,3502070016,3,1,DUKUH TOSARI,1,POSYANDU BALITA TOSARI I,balita,,,3502070016,3502070016,2020-09-17 10:36:06,2020-09-17 10:36:06
3502,3502070,3502070016,2,2,DUKUH TOSARI,2,POSYANDU BALITA TOSARI II,balita,,,3502070016,3502070016,2020-09-17 10:37:17,2020-09-17 10:37:17
3502,3502070,3502070016,2,2,DUKUH PUTUK TRANJANG,3,POSYANDU BALITA PUTUK TRANJANG,balita,,,3502070016,3502070016,2020-09-17 10:37:51,2020-09-17 10:37:51
3502,3502070,3502070016,1,1,DUKUH MUNGGUR,4,POSYANDU BALITA MUNGGUR,balita,,,3502070016,3502070016,2020-09-17 10:38:26,2020-09-17 10:38:26
3502,3502070,3502070016,1,2,DUKUH WARANGAN,5,POSYANDU BALITA WARANGAN,balita,,,3502070016,3502070016,2020-09-17 10:39:08,2020-09-17 10:39:08
3502,3502070,3502070016,3,1,DUKUH TOSARI,6,POSYANDU LANSIA TOSARI I,balita,,,3502070016,3502070016,2020-09-17 10:39:42,2020-09-17 10:39:42
3502,3502070,3502070016,2,2,DUKUH TOSARI,7,POSYANDU LANSIA TOSARI II,balita,,,3502070016,3502070016,2020-09-17 10:40:05,2020-09-17 10:40:05
3502,3502070,3502070016,2,2,DUKUH PUTUK TRANJANG,8,POSYANDU LANSIA PUTUK TRANJANG,balita,,,3502070016,3502070016,2020-09-17 10:40:39,2020-09-17 10:40:39
3502,3502070,3502070016,1,1,DUKUH MUNGGUR,9,POSYANDU LANSIA MUNGGUR,balita,,,3502070016,3502070016,2020-09-17 10:41:10,2020-09-17 10:41:10
3502,3502070,3502070016,1,2,DUKUH WARANGAN,10,POSYANDU LANSIA WARANGAN,balita,,,3502070016,3502070016,2020-09-17 10:41:37,2020-09-17 10:41:37
3502,3502070,3502070016,2,1,DUKUH TOSARI,11,TAMAN POSYANDU,balita,,,3502070016,3502070016,2020-09-17 10:42:10,2020-09-17 10:42:10
3502,3502080,3502080002,3,2,PEHPANDAN,1,PUTRA KENCANA (BALITA),balita,JL. LAWU,,3502080002,3502080002,2021-07-12 04:08:12,2021-07-12 12:09:18
3502,3502080,3502080002,1,1,TENGAH,2,PUTRA KENCANA (BALITA),balita,JL. WILIS,,3502080002,3502080002,2021-07-12 12:08:53,2021-07-12 12:08:53
3502,3502080,3502080002,1,2,BAKALAN,3,PUTRA KENCANA (BALITA),balita,JL. SEMERU,,3502080002,3502080002,2021-07-12 12:09:51,2021-07-12 12:09:51
3502,3502080,3502080002,3,1,TENGAH,4,CANDI BAHAGIA (LANSIA),balita,JL. WILIS,,3502080002,3502080002,2021-07-12 12:11:55,2021-07-12 12:12:10
3502,3502080,3502080003,2,1,,1,MAWAR,balita,DUKUH TOTOKAN I,,3502080003,3502080003,2021-07-14 02:59:09,2021-07-14 03:46:14
3502,3502080,3502080003,1,1,,2,TERATE,balita,DUKUH TOTOKAN II,,3502080003,3502080003,2021-07-14 03:00:49,2021-07-14 03:48:36
3502,3502080,3502080003,2,2,TOTOKAN II,3,MELATHI,balita,DUKUH TOTOKAN II,,3502080003,3502080003,2021-07-14 03:01:55,2021-07-14 03:47:28
3502,3502080,3502080003,2,2,TOTOKAN III,4,ANGGREK,balita,DUDKUH TOTOKAN III,,3502080003,3502080003,2021-07-14 03:03:52,2021-07-14 03:47:52
3502,3502080,3502080007,2,1,DUKUH NGLUMPANG I,1,POSYANDU BALITA SUGENG I,balita,DUKUH NGLUMPANG I,,3502080007,3502080007,2021-07-12 04:18:09,2021-07-12 04:20:43
3502,3502080,3502080007,1,1,DUKUH NGLUMPANG II,2,POSYANDU BALITA SUGENG II,balita,DUKUH NGLUMPANG II,,3502080007,3502080007,2021-07-12 04:18:50,2021-07-12 04:20:52
3502,3502080,3502080007,1,2,DUKUH NGLUMPANG III,3,POSYANDU BALITA SUGENG III,balita,DUKUH NGLUMPANG III,,3502080007,3502080007,2021-07-12 04:19:19,2021-07-12 04:21:01
3502,3502080,3502080007,2,1,DUKUH NGLUMPANG IV,4,POSYANDU BALITA SUGENG IV,balita,DUKUH NGLUMPANG IV,,3502080007,3502080007,2021-07-12 04:19:51,2021-07-12 04:21:09
3502,3502080,3502080007,2,2,DUKUH NGLUMPANG II,5,POSYANDU LANSIA SENJAKU SEHAT,balita,DUKUH NGLUMPANG II,,3502080007,3502080007,2021-07-12 04:21:57,2021-07-12 04:27:55
3502,3502080,3502080007,2,2,DUKUH NGLUMPANG II,6,POSBINDU BINA SEHAT,balita,DUKUH NGLUMPANG II,,3502080007,3502080007,2021-07-12 04:22:43,2021-07-12 04:23:01
3502,3502080,3502080009,2,1,KRAJAN,1,BINA PUTRA I,balita,DUKUH KRAJAN RT 02 RW 01,,3502080009,3502080009,2021-05-24 17:16:53,2021-05-24 17:16:53
3502,3502080,3502080009,2,1,MANGUNARJO,2,BINA PUTRA II,balita,RT 02 RW 01,,3502080009,3502080009,2021-05-24 17:18:18,2021-05-24 17:18:18
3502,3502080,3502080009,1,1,MAMBIL,3,BINA PUTRA III,balita,MAMBIL,,3502080009,3502080009,2021-05-24 17:18:56,2021-05-24 17:18:56
3502,3502080,3502080009,2,2,SEMBUNG,4,BINA PUTRA IV,balita,SEMBUNG,,3502080009,3502080009,2021-05-24 17:19:38,2021-05-24 17:19:38
3502,3502080,3502080012,2,1,KRAJAN,1,KRAJAN (BALITA),balita,Jln. Raya Mlarak-Kaponan,,3502080012,3502080012,2021-07-12 04:21:33,2021-07-12 04:21:33
3502,3502080,3502080015,1,1,DUKUH KAPONAN I,1,MAWAR,balita,DESA KAPONAN ,,3502080015,3502080015,2021-07-15 03:05:31,2021-07-15 03:05:31
3502,3502080,3502080015,1,1,DUKUH KAPONAN II,2,MELATI,balita,KAPONAN,,3502080015,3502080015,2021-07-15 03:06:41,2021-07-15 03:06:41
3502,3502080,3502080015,3,2,DUKUH KAPONAN III,3,KENANGA,balita,KAPONAN ,,3502080015,3502080015,2021-07-15 03:07:48,2021-07-15 03:07:48
3502,3502080,3502080015,3,1,DUKUH KAPONAN III,4,BOGENFIL,balita,DESA KAPONAN,,3502080015,3502080015,2021-07-15 03:08:31,2021-07-15 03:08:31
3502,3502090,3502090011,2,2,Tumang Lor,1,MATAHARI,balita,Jalan abimanyu ,,3502090011,3502090011,2021-02-09 02:09:14,2021-02-09 02:13:27
3502,3502090,3502090011,2,2,Tumang Kidul,2,ANGGREK,balita,Jalan Sadewo,,3502090011,3502090011,2021-02-09 02:10:07,2021-02-09 02:10:07
3502,3502090,3502090011,2,2,Jomblang,3,SEDAP MALAM,balita,Jalan Hamka,,3502090011,3502090011,2021-02-09 02:11:09,2021-02-09 02:11:09
3502,3502090,3502090011,1,1,Puthuk,4,BOUGENVIL,balita,Jalan Nakulo,,3502090011,3502090011,2021-02-09 02:11:57,2021-02-09 02:11:57
3502,3502090,3502090011,2,2,Tumang Lor,5,LANSIA BUGAR CERIA,balita,Jalan Abimanyu,,3502090011,3502090011,2021-02-09 02:13:06,2021-02-09 02:13:47
3502,3502090,3502090011,2,2,Tumang Kidul,6,LANSIA WERDA SEHAT,balita,Jalan Sadewo,,3502090011,3502090011,2021-02-09 02:14:33,2021-02-09 02:14:33
3502,3502090,3502090011,2,2,Jomblang,7,LANSIA BAKTI WERDA,balita,Jalan Hamka,,3502090011,3502090011,2021-02-09 02:15:16,2021-02-09 02:15:16
3502,3502090,3502090011,1,1,Puthuk,8,LANSIA WERDA BUGAR,balita,Jalan Nakulo,,3502090011,3502090011,2021-02-09 02:16:03,2021-02-09 02:16:03
3502,3502090,3502090014,2,1,GODANG,1,POSYANDU BALITA DUKUH GODANG,balita,JL GODANG RT 002/001,,3502090014,3502090014,2020-10-23 07:40:48,2020-10-23 07:40:48
3502,3502090,3502090014,2,2,TANJUNG,2,POSYANDU BALITA DUKUH TANJUNG,balita,JL TANJUNG NO 41 ,,3502090014,3502090014,2020-10-23 07:41:40,2020-10-23 07:42:33
3502,3502090,3502090014,2,2,MANTREN,3,POSYANDU BALITA DUKUH MANTREN,balita,JL TANJUNG NO 41 ,,3502090014,3502090014,2020-10-23 07:42:16,2020-10-23 07:42:16
3502,3502090,3502090014,1,2,GODANG,4,POSYANDU LANSIA PERUMNAS DUKUH GODANG,balita,JL HALIM PERDANA KUSUMA PERUMNAS,,3502090014,3502090014,2020-10-23 07:43:38,2020-10-23 07:43:38
3502,3502090,3502090014,3,1,GODANG,5,POSYANDU LANSIA  DUKUH GODANG II,balita,JL GODANG RT 003 RW 001,,3502090014,3502090014,2020-10-23 07:44:30,2020-10-23 07:44:30
3502,3502090,3502090014,2,2,TANJUNG,6,POSYANDU LANSIA  DUKUH TANJUNG,balita,JL TANJUNG 41,,3502090014,3502090014,2020-10-23 07:45:16,2020-10-23 07:45:16
3502,3502090,3502090014,2,1,TANJUNG,7,POSBINDU,balita,JLN TANJUNG 41,,3502090014,3502090014,2021-01-14 15:56:26,2021-01-14 15:56:26
3502,3502090,3502090015,1,2,KRAJAN,1,ALAMANDA,balita,KRAJAN,,3502090015,3502090015,2020-12-23 04:49:10,2020-12-23 04:52:58
3502,3502090,3502090015,1,2,KLEDANG,2,ASOKA,balita,KLEDANG,,3502090015,3502090015,2020-12-23 04:51:15,2020-12-23 04:52:39
3502,3502090,3502090015,1,2,PRAMBEN,3,GLADIOL,balita,PRAMBEN,,3502090015,3502090015,2020-12-23 04:52:20,2020-12-23 04:52:20
3502,3502090,3502090016,1,1,BAKALAN,1,KENANGA,balita,JL. Halim Perdanakusuma 109,,3502090016,3502090016,2021-02-08 10:03:40,2021-02-08 10:03:40
3502,3502090,3502090016,1,1,BAKALAN,2,ROSELLA,balita,JL. Halim Perdanakusuma 109,,3502090016,3502090016,2021-02-08 10:04:21,2021-02-08 10:04:21
3502,3502090,3502090016,1,1,BAKALAN,3,LANSIA,balita,JL. Halim Perdanakusuma 109,,3502090016,3502090016,2021-02-08 10:05:04,2021-02-08 10:05:20
3502,3502100,3502100001,1,1,MANTUP,1,ANGGREK (BALITA),balita,JL. GAJAH MADA,,3502100001,3502100001,2020-12-17 03:17:59,2020-12-17 03:17:59
3502,3502100,3502100001,2,1,NGASINAN,2,SUMBER SEHAT (LANSIA),balita,JL. GAJAH MADA NO. 02,,3502100001,3502100001,2020-12-17 03:18:53,2020-12-17 03:18:53
3502,3502100,3502100002,1,2,TEGALARUM,1,POSYANDU BALITA PUSPITA INDAH,balita,JL. P. SUMADI,,3502100002,3502100002,2021-07-09 02:58:25,2021-07-09 02:59:37
3502,3502100,3502100002,3,2,KUTU,2,POSYANDU BALITA PUSPITA SARI,balita,,,3502100002,3502100002,2021-07-09 02:59:04,2021-07-09 02:59:59
3502,3502100,3502100002,2,2,KUTU,3,POSBINDU PUSPITA SEHAT,balita,JL. S. SUKOWATI 55,,3502100002,3502100002,2021-07-09 03:00:43,2021-07-09 03:00:43
3502,3502100,3502100002,2,2,KUTU,4,POSYANDU LANSIA PUSPITA SURYA,balita,JL. S. SUKOWATI 55,,3502100002,3502100002,2021-07-09 03:01:27,2021-07-09 03:01:27
3502,3502100,3502100003,1,2,Sidorejo,1,MAWAR MERAH,balita,Dukuh Sidorejo Desa Kutuwetan,,3502100003,3502100003,2020-10-23 09:03:57,2020-10-23 09:03:57
3502,3502100,3502100003,3,2,Krajan Timur,2,MAWAR PUTIH,balita,Dukuh Krajan Timur Desa Kutuwetan,,3502100003,3502100003,2020-10-23 09:05:06,2020-10-23 09:05:06
3502,3502100,3502100003,3,2,Krajan Barat,3,MAWAR JINGGA,balita,Dukuh Krajan Barat Desa Kutuwetan,,3502100003,3502100003,2020-10-23 09:06:18,2021-02-02 04:46:13
3502,3502100,3502100004,12,4,BANJAR,1,CENDANA,balita,JL. RAJAWALI DUKUH BANJAR,,3502100004,3502100004,2021-06-24 04:38:28,2021-06-24 04:38:28
3502,3502100,3502100004,6,2,KRADENAN,2,CEMPAKA,balita,JL. RAJAWALI DUKUH KRADENAN ,,3502100004,3502100004,2021-06-24 04:39:01,2021-06-24 04:39:01
3502,3502100,3502100004,5,2,KRADENAN,3,DEWI SINTA,balita,JL. GARUDA NO. 01,,3502100004,3502100004,2021-06-24 04:40:17,2021-06-24 04:40:17
3502,3502100,3502100005,1,1,MOJOMATI I,1,POSYANDU MAWAR,balita,"DUKUH MOJOMATI I, DESA MOJOMATI",,3502100005,3502100005,2021-04-13 04:22:37,2021-04-13 04:22:37
3502,3502100,3502100005,2,1,MOJOMATI II,2,POSYANDU MELATI,balita,DUKUH MOJOMATI II,,3502100005,3502100005,2021-04-13 04:25:15,2021-04-13 04:29:57
3502,3502100,3502100005,2,2,MOJOMATI I,3,POSYANDU LANSIA ANGGREK,balita,DESA MOJOMATI,,3502100005,3502100005,2021-04-13 04:35:56,2021-04-13 04:35:56
3502,3502100,3502100007,2,1,Mojorejo I,1,Mangga,balita,Mojorejo I,,3502100007,3502100007,2021-03-25 01:29:54,2021-03-25 01:31:04
3502,3502100,3502100007,2,2,Mojorejo II,2,Apel,balita,Mojorejo II,,3502100007,3502100007,2021-03-25 01:32:05,2021-03-25 01:32:05
3502,3502100,3502100007,2,2,Mojorejo III,3,Kelapa Gading,balita,Mojorejo III,,3502100007,3502100007,2021-03-25 02:20:50,2021-03-25 02:20:50
3502,3502100,3502100007,2,1,Mojorejo I,4,Mugi Rahayu,balita,Mojorejo I,,3502100007,3502100007,2021-03-25 02:22:55,2021-03-25 02:22:55
3502,3502100,3502100007,1,1,Mojorejo III,5,Bugar Lestari,balita,Mojorejo III,,3502100007,3502100007,2021-03-25 02:24:12,2021-03-25 02:24:12
3502,3502100,3502100010,1,1,SETONO,1,MAWAR INDAH I,balita,DESA TEGALSARI KEC. JETIS KAB. PONOROGO,,3502100010,3502100010,2020-10-08 05:31:54,2020-10-08 05:31:54
3502,3502100,3502100010,3,2,JINONTRO,2,MAWAR INDAH II,balita,DESA TEGALSARI KEC. JETIS KAB. PONOROGO,,3502100010,3502100010,2020-10-08 05:32:46,2020-10-08 05:32:46
3502,3502100,3502100010,3,1,GENDOL,3,MAWAR INDAH III,balita,DESA TEGALSARI KEC. JETIS KAB. PONOROGO,,3502100010,3502100010,2020-10-08 05:34:00,2020-10-08 05:34:00
3502,3502110,3502110003,0,0,Krajan,1,Posyandu Balita Dukuh Krajan,balita,Dukuh Krajan,,3502110003,3502110003,2021-02-08 02:38:17,2021-02-08 02:38:17
3502,3502110,3502110003,0,0,Asem Depok,2,Posyandu Balita Dukuh Asem Depok,balita,Dukuh Asem Depok,,3502110003,3502110003,2021-02-08 02:50:30,2021-02-08 02:50:30
3502,3502110,3502110003,0,0,Krajan,3,Posyandu Lansia Dukuh Krajan,balita,Dukuh Krajan,,3502110003,3502110003,2021-02-08 02:51:12,2021-02-08 02:51:12
3502,3502110,3502110003,0,0,Asem Depok,4,Posyandu Lansia Dukuh Asem Depok,balita,Dukuh Asem Depok,,3502110003,3502110003,2021-02-08 02:51:57,2021-02-08 02:51:57
3502,3502110,3502110003,0,0,Dukuh Krjaan dan Dukuh Asem Depok,5,Posbindu,balita,Desa Bulak,,3502110003,3502110003,2021-02-08 02:52:40,2021-02-08 02:52:40
3502,3502110,3502110003,0,0,Dukuh Krjaan dan Dukuh Asem Depok,6,Bina Keluarga Balita,balita,Desa Bulak,,3502110003,3502110003,2021-02-08 02:53:40,2021-02-08 02:53:40
3502,3502110,3502110003,0,0,Dukuh Krjaan dan Dukuh Asem Depok,7,Taman Posyandu,balita,desa Bulak,,3502110003,3502110003,2021-03-18 05:35:11,2021-03-18 05:35:11
3502,3502110,3502110005,2,1,BENDO,1,POSYANDU BENDO,balita,RUMAH BAPAK SUDIARTO,,3502110005,3502110005,2020-10-08 06:09:54,2020-10-08 06:12:21
3502,3502110,3502110005,3,1,BIBIS,2,POSYANDU BIBIS,balita,RUMAH IBU SUJIANI,,3502110005,3502110005,2020-10-08 06:10:43,2020-10-08 06:10:43
3502,3502110,3502110005,2,1,KRAJAN,3,POSYANDU KRAJAN,balita,BALAI DESA,,3502110005,3502110005,2020-10-08 06:11:15,2020-10-08 06:11:15
3502,3502110,3502110005,5,1,TANGGUNGREJO,4,POSYANDU TANGGUNGREJO,balita,POLINDES,,3502110005,3502110005,2020-10-08 06:11:57,2020-10-08 06:11:57
3502,3502110,3502110010,1,1,jothaan sekedung,1,Posyandu Balita Pos III Dukuh Jothaan Sekedung,balita,Jl. Banyu Urip 02/01 Dkh. Jothaan Desa Singkil,,3502110010,3502110010,2021-01-28 04:05:59,2021-04-26 02:14:48
3502,3502110,3502110010,1,1,Krajan,2,Posyandu Balita Pos I Dukuh krajan,balita,Jl Brawijaya 01/01 Dukuh Krajan Desa Singkil,,3502110010,3502110010,2021-02-03 04:26:10,2021-04-26 02:13:17
3502,3502110,3502110010,1,1,Nglongop,3,Posyandu Balita Pos II Dukuh Nglongop,balita,Jl Setono 01/01 Dukuh Nglongop,,3502110010,3502110010,2021-02-03 04:28:08,2021-04-26 02:13:51
3502,3502110,3502110014,3,2,Jalen,1,Jalen 1 ( Balita ),balita,Jl. Gajah Mada,,3502110014,3502110014,2021-04-22 14:58:43,2021-04-22 14:58:43
3502,3502110,3502110017,2,1,bangunasri,1,Posyandu Bangunasri,balita,Rt 02 Rw 01 Bangunasri Purworejo Balong,,3502110017,3502110017,2021-06-24 05:47:36,2021-06-24 05:47:36
3502,3502110,3502110017,1,1,Sedarat lor,2,Posyandu Sedarat lor,balita,Rt 01 Rw 01 Jl. Budiman Purworejo Balong,,3502110017,3502110017,2021-06-24 05:49:12,2021-06-24 05:49:12
3502,3502110,3502110017,1,1,Klepu,3,Posyandu Klepu,balita,Jl. Muktiaji Rt 01 Rw 01 Purworejo Balong,,3502110017,3502110017,2021-06-24 05:50:43,2021-06-24 05:50:43
3502,3502110,3502110017,3,1,Patihan,4,Posyandu Patihan,balita,Jl. Utari rt 03 rw 01 Patihan purworejo Balong,,3502110017,3502110017,2021-06-24 05:51:54,2021-06-24 05:51:54
3502,3502110,3502110020,5,1,GRENTENG,1,DUKUH GRENTENG,balita,JLN TIRTO SURO,,3502110020,3502110020,2020-10-27 03:04:51,2020-10-27 03:04:51
3502,3502110,3502110020,2,1,DOYONG,2,DUKUH DOYONG,balita,DUKUH DOYONG,,3502110020,3502110020,2020-10-27 03:05:32,2020-10-27 03:05:32
3502,3502110,3502110020,3,2,KRAJAN,3,DUKUH KRAJAN POS I,balita,DUKUH KRAJAN ,,3502110020,3502110020,2020-10-27 03:06:16,2020-10-27 03:06:16
3502,3502110,3502110020,2,1,KRAJAN,4,KRAJAN POS II,balita,DUKUH KRAJAN,,3502110020,3502110020,2020-10-27 03:07:04,2020-10-27 03:07:04
3502,3502120,3502120003,2,1,KROPAK,1,POSYANDU DUKUH KROPAK I,balita,RUMAH BU SUPRIATI DUKUH KROPAK,,3502120003,3502120003,2021-07-14 07:33:36,2021-07-14 07:33:36
3502,3502120,3502120003,5,3,KROPAK,2,POSYANDU DUKUH KROPAK II,balita,RUMAH BU LAILIA DUKUH KROPAK,,3502120003,3502120003,2021-07-14 07:34:53,2021-07-14 07:36:11
3502,3502120,3502120003,7,2,KARANGGAYAM,3,POSYANDU DUKUH KARANGGAYAM,balita,RUMAH BU WIDYA AFDIL MAGFIRA DUKUH KARANGGAYAM,,3502120003,3502120003,2021-07-14 07:35:54,2021-07-14 07:35:54
3502,3502120,3502120005,4,2,1,1,LESTARI,balita,RT 04 RW 02 Dukuh Nglarangan Desa Nglarangan,,3502120005,3502120005,2020-12-08 04:22:10,2020-12-08 04:22:10
3502,3502120,3502120011,1,1,KRAJAN,1,BALITA,balita,DESA TOSANAN,,3502120011,3502120011,2020-12-23 15:29:51,2020-12-23 15:29:51
3502,3502120,3502120011,3,5,NANOM,2,BALITA,balita,DESA TOSANAN,,3502120011,3502120011,2020-12-23 15:31:43,2020-12-23 15:31:43
3502,3502120,3502120011,1,4,SETOYO,3,BALITA,balita,TOSANAN,,3502120011,3502120011,2020-12-23 15:32:15,2020-12-23 15:32:15
3502,3502120,3502120011,1,6,GONDANG LEGI,4,BALITA,balita,TOSANAN,,3502120011,3502120011,2020-12-23 15:32:42,2020-12-23 15:32:42
3502,3502120,3502120011,1,6,GONDANG LEGI,5,LANSIA,balita,TOSANAN,,3502120011,3502120011,2020-12-23 15:33:57,2020-12-23 15:33:57
3502,3502120,3502120011,3,5,NANOM,6,LANSIA,balita,TOSANAN,,3502120011,3502120011,2020-12-23 15:34:28,2020-12-23 15:34:28
3502,3502120,3502120011,1,1,KRAJAN,7,LANSIA,balita,TOSANAN,,3502120011,3502120011,2020-12-23 15:35:09,2020-12-23 15:35:09
3502,3502120,3502120011,1,1,TOSANAN,8,POSBINDU PTM,balita,TOSANAN,,3502120011,3502120011,2020-12-23 15:36:03,2020-12-23 15:36:03
3502,3502120,3502120016,3,1,Dukuh Merbot,1,Posyandu Dukuh Merbot,balita,Dukuh Merbot Desa Kauman Kecamatan Kauman Kabupaten Ponorogo,,3502120016,3502120016,2020-11-19 03:17:25,2020-11-19 03:17:25
3502,3502120,3502120016,2,1,Sejeruk,2,Posyandu Dukuh Sejeruk,balita,Dukuh Sejeruk Desa Kauman Kecamatan Kauman Kabupaten Ponorogo,,3502120016,3502120016,2020-11-19 03:18:48,2020-11-19 03:20:10
3502,3502120,3502120016,1,1,Tengah,3,Posyandu Dukuh Tengah,balita,Dukuh Tengah Desa Kauman Kecamatan Kauman Kabupaten Ponorogo,,3502120016,3502120016,2020-11-19 03:19:47,2020-11-19 03:19:47
3502,3502120,3502120016,2,1,Dukuh Tamanan,4,Posyandu Dukuh Tamanan,balita,Dukuh Tamanan Desa Kauman Kecamatan Kauman Kabupaten Ponorogo,,3502120016,3502120016,2020-11-19 03:21:14,2020-11-19 03:21:14
3502,3502120,3502120016,1,1,Kepek,5,Posyandu Dukuh Kepek,balita,Dukuh Kepek Desa Kauman Kecamatan Kauman Kabupaten Ponorogo,,3502120016,3502120016,2020-11-19 03:22:24,2020-11-19 03:22:24
3502,3502120,3502120016,2,3,Dukuh Banyuarum,6,Posyandu Dk Banyuarum I,balita,Jl Hasanudin Desa Kauman Kecamatan Kauman Kabupaten Ponorogo,,3502120016,3502120016,2020-11-19 03:23:36,2020-11-19 03:23:36
3502,3502120,3502120016,1,4,Dukuh Banyuarum,7,Posyandu Dk Banyuarum II,balita,Jl Sunan kalijogo Desa Kauman Kecamatan Kauman Kabupaten Ponorogo,,3502120016,3502120016,2020-11-19 03:24:45,2020-11-19 03:24:45
3502,3502130,3502130003,1,1,Daplang,1,Posyandu Balita Dukuh Daplang,balita,Jalan Gunung Sari,,3502130003,3502130003,2019-10-31 02:23:04,2019-10-31 02:23:46
3502,3502130,3502130004,2,2,Dondong,1,MUTIARA BUNDA,balita,Dukuh Dondong Desa Bringinan Kecamatan Jambon,,90791f2b1d974eb18219ddd46657b679,90791f2b1d974eb18219ddd46657b679,2020-03-18 03:07:26,2020-03-18 03:07:33
3502,3502130,3502130004,2,2,Dondong,2,SEHAT MANDIRI 1,lansia,Dondong,,90791f2b1d974eb18219ddd46657b679,90791f2b1d974eb18219ddd46657b679,2020-03-18 03:08:36,2020-03-18 03:08:36
3502,3502130,3502130004,2,2,Ngasem,3,SEHAT MANDIRI 2,lansia,Ngasem,,90791f2b1d974eb18219ddd46657b679,90791f2b1d974eb18219ddd46657b679,2020-03-18 03:09:15,2020-03-18 03:37:19
3502,3502130,3502130004,1,2,Kedung,4,SEHAT MANDIRI 3,lansia,Kedung,,90791f2b1d974eb18219ddd46657b679,90791f2b1d974eb18219ddd46657b679,2020-03-18 03:09:46,2020-03-18 03:37:37
3502,3502130,3502130007,1,2,Bulu,1,Bulu ( Balita ),balita,Rt 01 Rw 01 Dukuh Bulu,,3502130007,3502130007,2021-07-08 07:01:05,2021-07-08 07:01:05
3502,3502130,3502130007,4,2,Ngipik,2,Ngipik ( Balita ),balita,Rt 04 Rw 02 Dukuh Ngipik,,3502130007,3502130007,2021-07-08 07:02:09,2021-07-08 07:02:09
3502,3502130,3502130013,6,1,KARANGSENGON,1,KARANGSENGON I,balita,RUMAH AGUS SUPANGAT,,3502130013,3502130013,2021-02-06 08:55:38,2021-02-06 08:55:38
3502,3502130,3502130013,1,1,KARANGSENGON,2,KARANGSENGON II,balita,RUMAH BAPAK LAMIYO,,3502130013,3502130013,2021-02-06 08:56:06,2021-02-06 08:56:06
3502,3502130,3502130013,8,2,KLITIK,3,KLITIK I,balita,RUMAH BAPAK SUWARTO,,3502130013,3502130013,2021-02-06 08:56:36,2021-02-06 08:56:36
3502,3502130,3502130013,7,2,KLITIK,4,KLITIK II,balita,RUMAH BAPAK TUKIMIN,,3502130013,3502130013,2021-02-06 08:57:02,2021-02-06 08:57:02
3502,3502130,3502130013,3,3,SIDOWAYAH,5,SIDOWAYAH I,balita,RUMAH BAPAK WAGIRAN,,3502130013,3502130013,2021-02-06 08:57:29,2021-02-06 08:57:38
3502,3502130,3502130013,6,3,SIDOWAYAH,6,SIDOWAYAH II,balita,RUMAH BAPAK TUKUL,,3502130013,3502130013,2021-02-06 08:58:03,2021-02-06 08:58:03
3502,3502130,3502130013,10,3,SIDOWAYAH,7,SIDOWAYAH III,balita,RUMAH BAPAK SAMUN,,3502130013,3502130013,2021-02-06 08:58:42,2021-02-06 08:58:42
3502,3502130,3502130013,5,1,KARANGSENGON,8,LANSIA MELATI,balita,BALAI DESA,,3502130013,3502130013,2021-02-06 08:59:48,2021-02-06 08:59:48
3502,3502130,3502130013,8,2,KLITIK,9,LANSIA KLITIK,balita,RUMAH BAPAK SUWARTO,,3502130013,3502130013,2021-02-06 09:00:15,2021-02-06 09:00:15
3502,3502130,3502130013,3,3,SIDOWAYAH,10,LANSIA MBOBO,balita,RUMAH BAPAK WAGIRAN,,3502130013,3502130013,2021-02-06 09:00:43,2021-02-06 09:00:43
3502,3502130,3502130013,6,3,SIDOWAYAH,11,LANSIA SIDOWAYAH BANGKIT,balita,RUMAH BAPAK TUKUL,,3502130013,3502130013,2021-02-06 09:01:25,2021-02-06 09:01:25
3502,3502140,3502140001,3,1,JURANGSEMPU,1,POSYANDU BALITA JURANGSEMPU,balita,RT 03 RW 01 DUKUH JURANGSEMPU DESA DAYAKAN,,e8e3f643e94d49b38c345ff01c1547e1,e8e3f643e94d49b38c345ff01c1547e1,2020-03-09 04:23:51,2020-03-09 04:23:51
3502,3502140,3502140001,4,2,SEKARPUTIH,2,POSYANDU BALITA SEKARPUTIH,balita,RT 04 RW 02 DUKUH SEKARPUTIH DESA DAYAKAN,,e8e3f643e94d49b38c345ff01c1547e1,e8e3f643e94d49b38c345ff01c1547e1,2020-03-09 04:24:45,2020-03-09 04:24:45
3502,3502140,3502140001,4,3,KLIYUR,3,POSYANDU BALITA KLIYUR,balita,RT 04 RW 03 DUKUH KLIYUR DESA DAYAKAN,,e8e3f643e94d49b38c345ff01c1547e1,e8e3f643e94d49b38c345ff01c1547e1,2020-03-09 04:25:49,2020-03-09 04:25:49
3502,3502140,3502140001,4,4,WATUAGUNG,4,POSYANDU BALITA WATUAGUNG KIDUL,balita,RT 04 RW 04 DUKUH WATUAGUNG DESA DAYAKAN,,e8e3f643e94d49b38c345ff01c1547e1,e8e3f643e94d49b38c345ff01c1547e1,2020-03-09 04:26:39,2020-03-09 04:26:39
3502,3502140,3502140001,8,4,WATUAGUNG,5,POSYANDU BALITA WATUAGUNG TENGAH,balita,RT 08 RW 04 DUKUH WATUAGUNG DESA DAYAKAN,,e8e3f643e94d49b38c345ff01c1547e1,e8e3f643e94d49b38c345ff01c1547e1,2020-03-09 04:27:26,2020-03-09 04:27:26
3502,3502140,3502140001,3,5,WATUAGUNG,6,POSYANDU BALITA WATUAGUNG LOR,balita,RT 03 RW 05 DUKUH WATUAGUNG DESA DAYAKAN,,e8e3f643e94d49b38c345ff01c1547e1,e8e3f643e94d49b38c345ff01c1547e1,2020-03-09 04:28:27,2020-03-09 04:28:27
3502,3502140,3502140002,3,1,POHSAWIT,1,POSYANDU POHSAWIT,balita,Jl. Jodipati Desa Karangan Kec. Badegan Kab. Ponorogo,,3b816893ec3a49eb9542e80a8c2102ab,3502140002,2020-03-17 06:30:34,2020-03-17 07:30:20
3502,3502140,3502140002,3,2,DILEM,2,POSYANDU DILEM,balita,DUKUH DILEM DESA KARANGAN KEC. BADEGAN KAB. PONOROGO,,3b816893ec3a49eb9542e80a8c2102ab,3b816893ec3a49eb9542e80a8c2102ab,2020-03-17 07:06:44,2020-03-17 07:06:44
3502,3502140,3502140002,7,3,TUNGGUR,3,POSYANDU TUNGGUR,balita,DUKUH TUNGGUR DESA KARANGAN KEC. BADEGAN KAB. PONOROGO,,3b816893ec3a49eb9542e80a8c2102ab,3b816893ec3a49eb9542e80a8c2102ab,2020-03-17 07:07:59,2020-03-17 07:07:59
3502,3502140,3502140002,4,5,JATEN,4,POSYANDU JATEN,balita,DUKUH JATEN DESA KARANGAN KEC. BADEGAN KAB. PONOROGO,,3b816893ec3a49eb9542e80a8c2102ab,3b816893ec3a49eb9542e80a8c2102ab,2020-03-17 07:10:53,2020-03-17 07:10:53
3502,3502140,3502140002,3,1,POHSAWIT DILEM,5,POSYANDU POHSAWIT DILEM,lansia,JL. JODIPATI DESA KARANGAN KEC. BADEGAN KAB. PONOROGO,,3b816893ec3a49eb9542e80a8c2102ab,3b816893ec3a49eb9542e80a8c2102ab,2020-03-17 07:34:17,2020-03-17 07:34:17
3502,3502140,3502140002,7,3,TUNGGUR JATEN,6,TUNGGUR JATEN,lansia,DUKUH TUNGGUR DESA KARANGAN KEC. BADEGAN KAB. PONOROGO,,3b816893ec3a49eb9542e80a8c2102ab,3b816893ec3a49eb9542e80a8c2102ab,2020-03-17 07:35:32,2020-03-17 07:35:32
3502,3502140,3502140003,2,1,KRAJAN,1,POSYANDU BALITA DUKUH KRAJAN,balita,DUKUH KRAJAN RT 2 RW 1 DESA TANJUNGGUNUNG KECAMATAN BADEGAN,,3502140003,3502140003,2020-10-16 03:28:33,2020-10-16 03:28:33
3502,3502140,3502140003,1,4,MIRI,2,POSYANDU BALITA DUKUH MIRI,balita,DUKUH MIRI RT 01 RW 04 DESA TANJUNGGUNUNG KECAMTAN BADEGAN,,3502140003,3502140003,2020-10-16 03:29:42,2020-10-16 03:29:42
3502,3502140,3502140003,2,5,BONDALEM,3,POSYANDU BALITA DUKUH BONDALEM,balita,DUKUH BONDALEM RT 02 RW 05 DESA TANJUNGGUNUNG KECAMATAN BADEGAN,,3502140003,3502140003,2020-10-16 03:30:34,2020-10-16 03:30:34
3502,3502140,3502140003,2,1,KRAJAN,4,POSYANDU LANSIA DUKUH KRAJAN,balita,DUKUH KRAJAN RT 02 RW 01 DESA TANJUNGGUNUNG KECAMATAN BADEGAN,,3502140003,3502140003,2020-10-16 03:31:33,2020-10-16 03:31:33
3502,3502140,3502140003,1,4,MIRI,5,POSYANDU LANSIA DUKUH MIRI,balita,DUKUH MIRI RT 01 RW 04 DESA TANJUNGGUNUNG KECAMATAN BADEGAN,,3502140003,3502140003,2020-10-16 03:32:33,2020-10-16 03:32:33
3502,3502140,3502140003,2,5,BONDALEM,6,POSYANDU LANSIA DUKUH BONDALEM,balita,DUKUH BONDALEM RT 02 RW 05 DESA TANJUNGGUNUNG KECAMTAN BADEGAN,,3502140003,3502140003,2020-10-16 03:33:21,2020-10-16 03:33:21
3502,3502140,3502140005,1,1,KRAJAN,1,Posyandu KRAJAN,balita,dukuh Krajan Rt 01 Rw 01 Desa Tanjungrejo Kecamatan Badegan,,3502140005,3502140005,2020-10-20 02:25:16,2020-10-20 02:26:40
3502,3502140,3502140005,4,2,GENGGONG,2,POSYANDU GENGGONG,balita,DUKUH GENGGONG RT 02 RW 02,,3502140005,3502140005,2020-10-20 02:26:16,2020-10-20 02:26:16
3502,3502140,3502140005,5,3,TUMPUK,3,POSYANDU TUMPUK,balita,DUKUH TUMPUK,,3502140005,3502140005,2020-10-20 02:27:21,2020-10-20 02:27:21
3502,3502140,3502140005,2,4,BAKALAN,4,POSYANDU BAKALAN,balita,DUKUH BAKALAN DESA TANJUNGREJO,,3502140005,3502140005,2020-10-20 02:28:01,2020-10-20 02:28:01
3502,3502140,3502140006,6,1,BANDARALIM LOR,1,SINAR GEMILANG,balita,DUKUH BANDARALIM LOR,,3502140006,3502140006,2020-10-12 07:41:39,2020-10-12 07:41:39
3502,3502140,3502140006,3,2,BANDARALIM TENGAH,2,PELANGI HARAPAN,balita,DUKUH BANDARALIM TENGAH,,3502140006,3502140006,2020-10-12 07:43:59,2020-10-12 07:51:13
3502,3502140,3502140006,4,3,BANDARALIM KIDUL,3,MUTIARA BANGSA,balita,DUKUH BANDARALIM KIDUL,,3502140006,3502140006,2020-10-12 07:44:34,2020-10-20 03:28:48
3502,3502140,3502140008,7,1,BADEGAN,1,KRAJAN I,balita,DUKUH BADEGAN,,3502140008,3502140008,2021-03-29 06:25:29,2021-03-29 06:25:29
3502,3502140,3502140008,2,2,BADEGAN,2,KRAJAN II,balita,DUKUH BADEGAN,,3502140008,3502140008,2021-03-29 06:26:12,2021-03-29 06:26:12
3502,3502140,3502140008,1,4,KROYO,3,DUKUH KROYO,balita,DUKUH KROYO,,3502140008,3502140008,2021-03-29 06:26:54,2021-03-29 06:26:54
3502,3502140,3502140008,2,5,NGLAMBONG,4,DUKUH NGLAMBONG,balita,NGLAMBONG,,3502140008,3502140008,2021-03-29 06:27:21,2021-03-29 06:27:21
3502,3502140,3502140009,6,1,DUKUH KRAJAN,1,POSYANDU BALITA KRAJAN ,balita,  DESA WATUBONANG,,3502140009,3502140009,2020-10-13 12:29:17,2020-10-13 12:33:09
3502,3502140,3502140009,1,2,DUKUH GULUN,2,POSYANDU  BALITA GULUN 1,balita,DESA WATUBONANG,,3502140009,3502140009,2020-10-13 12:30:26,2020-10-13 12:32:31
3502,3502140,3502140009,6,2,GULUN,3,POSYANDU BALITA GULUN 2,balita,DESA WATUBONANG,,3502140009,3502140009,2020-10-13 12:34:39,2020-10-13 12:34:39
3502,3502140,3502140009,6,3,KEDEN,4,POSYANDU BALITA KEDEN,balita,DESA WATUBONANG,,3502140009,3502140009,2020-10-13 12:41:39,2020-10-13 12:41:39
3502,3502140,3502140009,6,1,KRAJAN,5,POSYANDU LANSIA KRAJAN,balita,DESA WATUBONANG,,3502140009,3502140009,2020-10-13 12:43:15,2020-10-13 12:43:15
3502,3502140,3502140009,1,2,GULUN,6,POSYANDU LANSIA GULUN 1,balita,DESA WATUBONANG,,3502140009,3502140009,2020-10-13 12:43:58,2020-10-13 12:43:58
3502,3502140,3502140009,6,2,GULUN,7,POSYANDU LANSIA GULUN 2,balita,DESA WATUBONANG,,3502140009,3502140009,2020-10-13 12:44:50,2020-10-13 12:44:50
3502,3502140,3502140009,6,3,KEDEN,8,POSYANDU LANSIA KEDEN 1,balita,DESA WATUBONANG,,3502140009,3502140009,2020-10-13 12:45:33,2020-10-13 12:45:33
3502,3502140,3502140009,2,3,KEDEN,9,POSYANDU  LANSIA KEDEN 2,balita,DESA WATUBONANG,,3502140009,3502140009,2020-10-13 12:46:15,2020-10-13 12:46:15
3502,3502150,3502150001,1,2,DARAT,1,POSYANDU BALITA DARAT,balita,DUKUH DARAT RT 001 RW 002 DESA GELANGKULON,,3502150001,3502150001,2021-01-27 08:06:06,2021-01-28 03:37:16
3502,3502150,3502150001,1,2,GELANG,2,POSYANDU BALITA GELANG,balita,DUKUH GELANG RT 001 RW 002 DESA GELANGKULON,,3502150001,3502150001,2021-01-27 08:07:51,2021-01-28 03:31:44
3502,3502150,3502150001,4,1,KROYO,3,POSYANDU BALITA KROYO I,balita,DUKUH KROYO RT 004 RW 001 DESA GELANGKULON,,3502150001,3502150001,2021-01-27 08:09:55,2021-01-28 03:31:56
3502,3502150,3502150001,2,2,KROYO,4,POSYANDU BALITA KROYO II,balita,DUKUH KROYO RT 002 RW 002 DESA GELANGKULON,,3502150001,3502150001,2021-01-27 08:11:59,2021-01-28 03:33:03
3502,3502150,3502150001,4,1,DARAT,5,POSYANDU LANSIA DARAT,balita,DUKUH DARAT RT 004 RW 001 DESA GELANGKULON,,3502150001,3502150001,2021-01-27 08:12:56,2021-01-27 08:12:56
3502,3502150,3502150001,2,1,SODONG,6,POSYANDU LANSIA SODONG,balita,DUKUH SODONG RT 002 RW 001 DESA GELANGKULON,,3502150001,3502150001,2021-01-28 03:36:07,2021-01-28 03:36:07
3502,3502150,3502150001,1,2,DARAT,7,POSBINDU,balita,DUKUH DARAT RT 001 RW 002 DESA  GELANGKULON,,3502150001,3502150001,2021-01-28 03:36:55,2021-01-28 03:36:55
3502,3502150,3502150001,2,1,SODONG,8,POSYANDU BALITA SODONG,balita,DUKUH SODONG RT 002 RW 001 DESA GELANGKULON,,3502150001,3502150001,2021-01-28 03:42:39,2021-01-28 03:42:39
3502,3502150,3502150001,1,1,KROYO,9,POSYANDU LANSIA KROYO,balita,DUKUH KROYO RT 001 RW 001 DESA GELANGKULON,,3502150001,3502150001,2021-01-28 06:00:39,2021-01-28 06:00:39
3502,3502150,3502150002,5,2,Nogo,1,Nogo,balita,,,3502150002,3502150002,2020-11-16 02:16:24,2020-11-16 02:16:24
3502,3502150,3502150002,4,2,Bulupayung,2,Bulupayung,balita,,,3502150002,3502150002,2020-11-16 02:17:00,2020-11-16 02:17:00
3502,3502150,3502150002,5,1,Bringin,3,Bringin,balita,,,3502150002,3502150002,2020-11-16 02:17:29,2020-11-16 02:17:29
3502,3502150,3502150004,3,1,Tamansari,1,KENANGA,balita,Dkh Tamansari Rt 03 Rw 01,,3502150004,3502150004,2020-11-12 03:16:03,2020-11-12 03:16:03
3502,3502150,3502150004,3,1,Carangrejo,2,MELATI,balita,Dukuh Carangrejo Rt 03 Rw 01,,3502150004,3502150004,2020-11-12 03:16:56,2020-11-12 03:16:56
3502,3502150,3502150004,5,2,Bulurejo,3,DAHLIA,balita,Dkh Bulurejo Rt 05 Rw 02,,3502150004,3502150004,2020-11-12 03:28:58,2020-11-12 03:28:58
3502,3502150,3502150004,1,3,PLEBON,4,TULIP,balita,Dkh Plebon Rt 01/Rw 03,,3502150004,3502150004,2020-11-13 02:35:41,2020-11-13 02:37:18
3502,3502150,3502150004,3,2,PLEBON,5,BOUGENVILL,balita,Dkh Plebon Rt 03 Rw 02,,3502150004,3502150004,2020-11-13 02:39:57,2020-11-13 02:39:57
3502,3502150,3502150004,2,1,KALANGAN,6,ANGGREK,balita,Dkh Kalangan Rt 02 Rw 01,,3502150004,3502150004,2020-11-13 02:41:29,2020-11-13 02:41:29
3502,3502150,3502150004,2,2,KALANGAN,7,MAWAR,balita,Dkh Kalangan Rt 02 Rw 02,,3502150004,3502150004,2020-11-13 02:43:10,2020-11-13 02:43:10
3502,3502150,3502150006,2,1,SANGGRONG,1,ARJUNA,balita,Sanggrong RT 02 RW 01,,3502150006,3502150006,2021-03-18 04:50:44,2021-03-22 04:44:11
3502,3502150,3502150006,1,3,KUNTI,2,DEWI KUNTI,balita,Dukuh Kunti RT 01 RW 03,,3502150006,3502150006,2021-03-18 04:52:29,2021-03-22 04:46:12
3502,3502150,3502150006,2,1,TIMOKERP,3,MENUR,balita,NGUNUT,,3502150006,3502150006,2021-03-22 04:45:45,2021-03-22 04:45:45
3502,3502150,3502150006,3,1,BAYEMAN ,4,SRIKANDI,balita,BAYEMAN,,3502150006,3502150006,2021-03-22 04:47:14,2021-03-22 04:47:14
3502,3502150,3502150006,1,1,TIMOKEREP,5,ANGGREK,balita,TIMOKEREP,,3502150006,3502150006,2021-03-22 04:48:02,2021-03-22 04:48:02
3502,3502150,3502150006,2,3,TIMOKEREP,6,MELATI,balita,BRENGKOK,,3502150006,3502150006,2021-03-22 04:48:43,2021-03-22 04:48:43
3502,3502150,3502150007,1,1,Pagerukir,1,Posyandu Dukuh Pagerukir,balita,Dukuh Pagerukir ,,3502150007,3502150007,2020-11-03 05:03:17,2020-11-03 05:03:17
3502,3502150,3502150007,4,2,Ngudal ,2,Posyandu Dukuh Ngudal,balita,Dukuh Ngudal,,3502150007,3502150007,2020-11-03 05:03:47,2020-11-03 05:03:47
3502,3502150,3502150007,2,3,Temon,3,Posyandu Dukuh Temon,balita,Dukuh Temon,,3502150007,3502150007,2020-11-03 05:04:16,2020-11-03 05:04:16
3502,3502150,3502150007,3,1,Pagerukir,4,Posyandu Lansia Pagerukir,balita,Dukuh Pagerukir,,3502150007,3502150007,2020-11-05 02:59:38,2020-11-05 02:59:51
3502,3502150,3502150007,1,3,Temon,5,Posyandu Lansia Temon,balita,Dukuh Temon,,3502150007,3502150007,2020-11-05 03:00:42,2020-11-05 03:00:42
3502,3502150,3502150007,1,2,Ngudal,6,Posbindu Pagerukir,balita,Dukuh Ngudal ,,3502150007,3502150007,2020-11-05 03:01:33,2020-11-05 03:01:33
3502,3502160,3502160002,1,3,BANARAN,1,MAWAR,balita,BALAI DESA,,3502160002,3502160002,2021-07-12 16:58:30,2021-07-12 16:58:30
3502,3502160,3502160002,3,1,KRAJAN,2,POSYANDU LAMSIA,balita,,,3502160002,3502160002,2021-07-12 16:59:16,2021-07-12 16:59:16
3502,3502160,3502160002,1,4,BANARAN,3,POSYANDU LAMSIA,balita,,,3502160002,3502160002,2021-07-12 16:59:45,2021-07-12 16:59:45
3502,3502160,3502160002,1,3,BANARAN,4,POSYANDU LAMSIA,balita,BALAI DESA,,3502160002,3502160002,2021-07-12 17:00:30,2021-07-12 17:00:30
3502,3502160,3502160002,1,3,BANARAN,5,POSYANDU BALITA,balita,BALAI DESA,,3502160002,3502160002,2021-07-12 17:01:24,2021-07-12 17:01:24
3502,3502160,3502160008,7,1,DUKUH GOLAN,1,MAWAR 1,balita,"Rumah Bapak Kamituwo Senen
Jalan Onggolono ",,3502160008,3502160008,2021-07-09 03:14:01,2021-07-09 03:14:01
3502,3502160,3502160008,2,1,DUKUH KARANGAN,2,MAWAR 2,balita,"Rumah Bapak Kamituwo Lujito 
Jalan Karangsari",,3502160008,3502160008,2021-07-09 03:16:49,2021-07-09 03:16:49
3502,3502160,3502160009,2,3,Dasun,1,Posyandu Dukuh Dasun,balita,Dukuh Dasun,,3502160009,3502160009,2021-06-15 13:52:45,2021-06-15 13:52:45
3502,3502160,3502160009,1,2,Soko,2,Posyandu Dukuh Soko,balita,Dukuh Soko,,3502160009,3502160009,2021-06-15 13:53:27,2021-06-15 13:53:27
3502,3502160,3502160009,1,2,KRAJAN,3,KRAJAN (LANSIA),balita,RUMAH  SUPARTO JALAN RAYA SUMOROTO,,3502160009,3502160009,2021-07-14 07:32:02,2021-07-14 07:32:33
3502,3502160,3502160017,4,1,Bulusari,1,Posyandu Balita Bulusari,balita,Dukuh Bulusari Desa Serangan,,3502160017,3502160017,2019-10-31 02:29:09,2021-03-18 13:35:10
3502,3502160,3502160017,5,1,MIJIL,2,POSYANDU BALITA MIJIL,balita,DUKUH MIJIL ,,3502160017,3502160017,2021-03-18 13:34:29,2021-03-18 13:34:29
3502,3502160,3502160017,3,2,BULUSARI,3,POSYANDU LANSIA BULUSARI,balita,BULUSARI,,3502160017,3502160017,2021-03-18 13:36:10,2021-03-18 13:36:10
3502,3502160,3502160017,1,2,MIJIL,4,POSYANDU LANSIA MIJIL,balita,MIJIL,,3502160017,3502160017,2021-03-18 13:36:53,2021-03-18 13:36:53
3502,3502180,3502180002,1,2,KRAJAN,1,MELATI (BALITA),balita,JALAN SUNAN KALIJAGA ,,3502180002,3502180002,2020-10-12 11:41:23,2021-05-06 05:04:24
3502,3502180,3502180002,3,1,SIDOMULYO,2,MAWAR (BALITA),balita,JALAN TEUKU UMAR NOMOR 67,,3502180002,3502180002,2020-10-12 11:42:21,2021-05-06 05:08:21
3502,3502180,3502180002,1,2,JAMBEAN,3,FLAMBOYAN (BALITA),balita,JALAN RADEN PATAH,,3502180002,3502180002,2020-10-12 12:06:56,2021-05-06 05:08:43
3502,3502180,3502180002,3,1,SIDOMULYO,4,MATAHARI (LANSIA),balita,JL. TEUKU UMAR ,,3502180002,3502180002,2021-05-06 05:05:40,2021-05-06 05:05:40
3502,3502180,3502180002,1,2,JAMBEAN,5,FLAMBOYAN (LANSIA),balita,JL. RADEN PATAH,,3502180002,3502180002,2021-05-06 05:08:02,2021-05-06 05:08:02
3502,3502180,3502180006,3,2,Dukuh Gupolo Wetan,1,ANGGREK I,balita,JL. Kh. Abdul Hadi Desa Gupolo,,3502180006,3502180006,2021-02-25 04:36:34,2021-02-25 04:38:12
3502,3502180,3502180006,2,3,Dukuh Gupolo Kulon,2,ANGGREK II,balita,JL. Subroto Desa Gupolo,,3502180006,3502180006,2021-02-25 04:37:55,2021-02-25 04:37:55
3502,3502180,3502180006,1,3,Dukuh Gupolo Wetan,3,ANGGREK III,balita,JL. Sidodadi Desa Gupolo,,3502180006,3502180006,2021-02-25 04:38:56,2021-02-25 04:38:56
3502,3502180,3502180008,1,1,BARENG 1,1,Dahlia,balita,JL. TUNGGAL ASRI,,3502180008,3502180008,2021-03-01 14:50:38,2021-03-01 14:50:38
3502,3502180,3502180009,1,2,NGUNUT 1,1,POSYANDU MAWAR,balita,JL. PONCOSIWALAN NGUNUT 1,,3502180009,3502180009,2021-03-03 02:07:13,2021-03-03 02:07:13
3502,3502180,3502180009,3,2,NGUNUT 2,2,POSYANDU MELATI,balita,JL SYUHADA NGUNUT 2,,3502180009,3502180009,2021-03-03 02:07:45,2021-03-03 02:07:45
3502,3502180,3502180009,1,2,NGUNUT 3,3,POSYANDU MATAHARI,balita,JL. SYUHADA NGUNUT 3,,3502180009,3502180009,2021-03-03 02:08:23,2021-03-03 02:08:23
3502,3502180,3502180009,1,1,NGUNUT 4,4,POSYANDU DAHLIA,balita,JL. SIDODADI NGUNUT 4,,3502180009,3502180009,2021-03-03 02:08:52,2021-03-03 02:08:52
3502,3502180,3502180010,2,1,TULAR,1,MELATI,balita,DUKUH TULAR,,3502180010,3502180010,2020-11-02 03:14:00,2020-11-02 03:14:00
3502,3502180,3502180010,2,1,DANYANG,2,MAWAR,balita,DUKUH DANYANG DESA SUKOSARI BABADAN PONOROGO,,3502180010,3502180010,2020-11-02 03:15:11,2020-11-02 03:15:11
3502,3502180,3502180010,3,2,BANGUNSARI,3,DAHLIA,balita,DUKUH BANGUNSARI DESA SUKOSARI,,3502180010,3502180010,2020-11-02 03:16:20,2020-11-02 03:16:20
3502,3502180,3502180010,2,1,KRAJAN,4,NUSA INDAH,balita,DUKUH KRAJAN DESA SUKOSARI,,3502180010,3502180010,2020-11-02 03:17:16,2020-11-02 03:17:16
3502,3502180,3502180010,4,1,DEMUNG,5,ANGGREK,balita,DUKUH DEMUNG DESA SUKOSARI,,3502180010,3502180010,2020-11-02 03:17:48,2020-11-02 03:17:48
3502,3502180,3502180010,2,1,GELANG,6,MATAHARI,balita,DUKUH GELANG DESA SUKOSARI,,3502180010,3502180010,2020-11-02 03:18:53,2020-11-02 03:18:53
3502,3502180,3502180010,3,1,TULAR,7,POSYANDU LANSIA MEKAR SARI,balita,DUKUH TULAR ,,3502180010,3502180010,2020-11-02 03:19:31,2020-11-02 03:19:31
3502,3502180,3502180010,1,1,GELANG,8,POSYANDU LANSIA MULIA SARI,balita,DUKUH GELANG,,3502180010,3502180010,2020-11-02 03:20:25,2020-11-02 03:20:25
3502,3502180,3502180010,2,1,BANGUNSARI,9,POSYANDU LANSIA CENDRA WASIH,balita,DUKUH BANGUNSARI,,3502180010,3502180010,2020-11-02 03:21:00,2020-11-02 03:21:00
3502,3502180,3502180011,1,2,Malang,1,POSYANDU MELATI,balita,Jl. Sekutrem Desa Lembah,,3502180011,3502180011,2020-10-16 02:14:09,2020-10-16 02:14:09
3502,3502180,3502180011,1,1,Jajar,2,POSYANDU MAWAR,balita,Jl. Sekutrem Desa Lembah,,3502180011,3502180011,2020-10-16 02:15:25,2020-10-16 02:15:25
3502,3502180,3502180011,2,1,Ngijo,3,POSYANDU ANGGREK,balita,Jl. Sekutrem Desa Lembah,,3502180011,3502180011,2020-10-16 02:16:06,2020-10-16 02:16:06
3502,3502180,3502180011,4,2,Tlasih,4,POSYANDU FLAMBOYAN,balita,Jl. Durgandini,,3502180011,3502180011,2020-10-16 02:16:52,2020-10-16 02:16:52
3502,3502180,3502180012,2,1,PONDOK,1,RAJAWALI (BALITA),balita,KANTOR DESA PONDOK,,3502180012,3502180012,2021-03-02 02:23:30,2021-05-24 03:00:37
3502,3502180,3502180012,2,1,KAJANG,2,CINDRAWASIH (BALITA),balita,JL. PERTANIAN RT. 02 RW.01 ,,3502180012,3502180012,2021-03-02 02:25:35,2021-05-24 03:00:48
3502,3502180,3502180012,1,4,NGRAMBANG,3,KASWARI (BALITA),balita,JL. PESAREAN,,3502180012,3502180012,2021-03-02 02:27:40,2021-05-24 03:00:58
3502,3502180,3502180012,2,1,PONDOK,4,WREDAKUSUMA (LANSIA),balita,BALAI DESA PONDOK,,3502180012,3502180012,2021-03-02 02:29:26,2021-05-24 03:01:19
3502,3502180,3502180012,1,2,KAJANG,5,WREDASANTOSA (LANSIA),balita,JL. SURO MENGGOLO,,3502180012,3502180012,2021-03-02 02:30:39,2021-05-24 03:01:28
3502,3502180,3502180012,1,4,NGRAMBANG,6,WREDAMULYA (LANSIA),balita,JL. PESAREAN,,3502180012,3502180012,2021-03-02 02:31:32,2021-05-24 03:01:38
3502,3502180,3502180013,3,2,KANTEN 1,1,SRIKANDI,balita,JL. SIDODADI,,3502180013,3502180013,2020-10-13 11:54:14,2020-10-13 11:54:14
3502,3502180,3502180013,1,2,KANTEN 2,2,DEWI KUNTI,balita,JL. SIDODADI,,3502180013,3502180013,2020-10-13 11:55:10,2020-10-13 11:55:10
3502,3502180,3502180013,2,2,BABADAN,3,SEMBODRO,balita,JL. SIDOMULYO,,3502180013,3502180013,2020-10-13 11:56:08,2020-10-13 11:56:08
3502,3502180,3502180013,5,1,KARANGTALOK,4,DEWI ARIMBI,balita,JL. SIDOMAKMUR,,3502180013,3502180013,2020-10-13 11:56:43,2020-10-13 11:56:43
3502,3502180,3502180013,1,1,"KLECO, DUKUH KARANGTALOK",5,DEWI SINTA,balita,JL. SIDOMAREM,,3502180013,3502180013,2020-10-13 11:57:21,2020-10-13 11:57:21
3502,3502180,3502180014,3,1,TEMPEL,1,MAHKOTA (BALITA),balita,RUMAH BAPAK EDI PARI PURNOMO KASUN TEMPEL,,3502180014,3502180014,2020-10-27 03:08:14,2020-12-18 02:48:32
3502,3502180,3502180014,12,2,NGIMPUT,2,JELITA (BALITA),balita,RUMAH BAPAK BUDIONO KASUN NGIMPUT,,3502180014,3502180014,2020-10-27 03:08:46,2020-12-18 02:48:45
3502,3502180,3502180014,17,3,CEPET UTARA,3,MUTIARA (BALITA),balita,RUMAH BAPAK SLAMET HARTANTO KASUN CEPET UTARA,,3502180014,3502180014,2020-10-27 03:09:24,2020-12-18 02:48:59
3502,3502180,3502180014,30,4,CEPET SELATAN,4,PERMATA (BALITA),balita,RUMAH BAPAK KASTUBI KASUN CEPET SELATAN,,3502180014,3502180014,2020-10-27 03:10:20,2020-12-18 02:49:13
3502,3502180,3502180014,36,5,KAJANG,5,MAHARANI (BALITA),balita,RUMAH BAPAK BOYAHMIN KASUN KAJANG,,3502180014,3502180014,2020-10-27 03:11:13,2020-12-18 02:49:28
3502,3502180,3502180014,16,2,DESA PURWOSARI,6,POSYANDU LANSIA,balita,JALAN AHMAD YANI NO. 06 (KANTOR DESA PURWOSARI),,3502180014,3502180014,2020-10-27 03:12:52,2020-10-27 03:12:52
3502,3502180,3502180015,6,2,BANJARJO I,1,DAHLIA ( BALITA ),balita,BANJARJO I,,3502180015,3502180015,2021-02-25 05:08:40,2021-02-25 05:11:34
3502,3502180,3502180015,10,3,BANJARJO II,2,SRI REJEKI ( BALITA ),balita,BANJARJO II,,3502180015,3502180015,2021-02-25 05:09:22,2021-02-25 05:11:21
3502,3502180,3502180015,18,6,KARANGGAYAM,3,MELATI ( BALITA ),balita,KARANGGAYAM,,3502180015,3502180015,2021-02-25 05:09:55,2021-02-25 05:11:07
3502,3502180,3502180015,24,7,SENDANG,4,ANGGREK ( BALITA ),balita,SENDANG,,3502180015,3502180015,2021-02-25 05:10:37,2021-02-25 05:10:37
3502,3502180,3502180015,31,10,TAMPO I,5,KENANGA ( BALITA ),balita,TAMPO I,,3502180015,3502180015,2021-02-25 05:12:19,2021-02-25 05:12:19
3502,3502180,3502180015,35,12,TAMPO II,6,MAWAR ( BALITA ),balita,TAMPO II,,3502180015,3502180015,2021-02-25 05:12:51,2021-02-25 05:12:51
3502,3502180,3502180015,6,2,BANJARJO I,7,BINA SEHAT ( LANSIA ),balita,BANJARJO I,,3502180015,3502180015,2021-02-25 05:13:37,2021-02-25 05:13:37
3502,3502180,3502180015,10,3,BANJARJO II,8,SUMBER WARAS ( LANSIA ),balita,BANJARJO II,,3502180015,3502180015,2021-02-25 05:14:38,2021-02-25 05:14:38
3502,3502180,3502180015,18,6,KARANGGAYAM,9,SENJA( LANSIA ),balita,KARANGGAYAM,,3502180015,3502180015,2021-02-25 05:15:19,2021-02-25 05:15:19
3502,3502180,3502180015,24,7,SENDANG,10,MUGI WARAS ( LANSIA ),balita,SENDANG,,3502180015,3502180015,2021-02-25 05:15:49,2021-02-25 05:15:49
3502,3502180,3502180015,31,10,TAMPO I,11,TAMPO MAS ( LANSIA ),balita,TAMPO I,,3502180015,3502180015,2021-02-25 05:16:38,2021-02-25 05:16:38
3502,3502180,3502180015,35,12,TAMPO II,12,LESTARI ( LANSIA ),balita,TAMPO II,,3502180015,3502180015,2021-02-25 05:17:05,2021-02-25 05:17:05
3502,3502190,3502190009,1,1,Krajan I,1,FLAMBOYAN (BALITA),balita,"Jl. Raya Jimbe Jenangan Ponorogo
",,3502190009,3502190009,2020-11-25 04:59:40,2020-11-25 04:59:40
3502,3502190,3502190009,3,2,KRAJAN II,2,ANGGREK,balita,Jl. RAYA JIMBE JENANGAN,,3502190009,3502190009,2020-11-27 09:07:01,2020-11-27 09:07:01
3502,3502190,3502190009,1,1,DONGENG,3,MELATI,balita,Jl. RAYA JIMBE JENANGAN ,,3502190009,3502190009,2020-11-27 09:07:44,2020-11-27 09:07:44
3502,3502190,3502190010,2,2,KRAJAN I,1,BALITA KRAJAN I,balita,KRAJAN I,,4dc5974c40cd48aa9d3b7c2f272dcb1b,3502190010,2020-01-24 15:58:47,2021-07-12 05:13:10
3502,3502190,3502190010,1,2,Krajan II,2,BALITA KRAJAN II,balita,Dukuh Krajan II,,3502190010,3502190010,2021-07-12 05:12:39,2021-07-12 05:12:39
3502,3502190,3502190010,5,1,GOGOKALANG,3,BALITA GOGOKALANG,balita,DUKUH GOGOKALANG,,3502190010,3502190010,2021-07-12 05:14:01,2021-07-12 05:14:01
3502,3502190,3502190010,3,1,PELEMGURIH,4,BALITA PELEMGURIH,balita,DUKUH PELEMGURIH,,3502190010,3502190010,2021-07-12 05:16:04,2021-07-12 05:16:04
3502,3502190,3502190010,2,2,SIMO,5,BALITA SIMO,balita,DUKUH SIMO,,3502190010,3502190010,2021-07-12 05:16:36,2021-07-12 05:16:36
3502,3502190,3502190010,1,2,KRAJAN I,6,LANSIA KRAJAN I,balita,DUKUH KRAJAN I,,3502190010,3502190010,2021-07-12 05:17:08,2021-07-12 05:17:08
3502,3502190,3502190010,1,2,KRAJAN II,7,LANSIA KRAJAN II,balita,DUKUH KRAJAN II,,3502190010,3502190010,2021-07-12 05:18:11,2021-07-12 05:18:11
3502,3502190,3502190010,6,1,PELEMGURIH,8,ANSIA PELEMGURIH,balita,DUKUH PELEMGURIH,,3502190010,3502190010,2021-07-12 05:18:50,2021-07-12 05:18:50
3502,3502190,3502190016,3,1,KRAJAN,1,DAHLIA ( BALITA ),balita,JALAN MANGGA NO 28,,3502190016,3502190016,2020-12-18 04:08:53,2021-04-16 16:12:51
3502,3502190,3502190016,1,2,KRANGKUNGAN,2,MAWAR (BALITA),balita,jl PARINGAN NGEBEL NO 20,,3502190016,3502190016,2021-04-16 16:15:53,2021-04-16 16:15:53
3502,3502190,3502190016,1,1,SEMAMBU,3,MELATI (BALITA),balita,JL PARINGAN PULUNG NO 12,,3502190016,3502190016,2021-04-16 16:16:40,2021-04-19 03:39:16
3502,3502190,3502190016,5,2,BAGUSAN,4,ANGGREK (BALITA),balita,JL. RAYA KESUGIHAN NO 3,,3502190016,3502190016,2021-04-16 16:17:41,2021-04-16 16:17:41
3502,3502190,3502190016,2,1,BAGUSAN,5,BOUGENVILE (BALITA),balita,JL RAYA KESGIHAN 9,,3502190016,3502190016,2021-04-16 16:18:23,2021-04-16 16:18:23
3502,3502190,3502190016,3,1,KRAJAN,6,SEPAH SARAS(LANSIA),balita,JL MANGGA NO 8,,3502190016,3502190016,2021-04-16 16:19:03,2021-04-17 02:32:13
3502,3502190,3502190016,1,2,KRANGKUNGAN,7,HARAPAN BAHAGIA (LANSIA),balita,JL RAYA PARINGAN NGEBEL NO 12,,3502190016,3502190016,2021-04-16 16:19:46,2021-04-16 16:19:46
3502,3502190,3502190016,1,1,SEMAMBU,8,SEGER WARAS,balita,JL KESUGIHAN PULUNG NO 6,,3502190016,3502190016,2021-04-16 16:20:29,2021-04-16 16:20:29
3502,3502190,3502190016,2,1,BAGUSAN,9,MORO WARAS (LANSIA),balita,JL RAYA KESUGIHAN NO 4,,3502190016,3502190016,2021-04-16 16:21:13,2021-04-16 16:21:13
3502,3502190,3502190016,1,2,KRAJAN,10,HARAPAN MULYA ( POSTU JIWA ),balita,JL KESUGIHAN NO 12,,3502190016,3502190016,2021-04-17 02:35:03,2021-04-17 02:37:26
3502,3502190,3502190016,5,2,SEMAMBU,11,POSBINDU TULIP,balita,JL.TERATAI NO 10,,3502190016,3502190016,2021-04-18 14:04:32,2021-04-18 14:05:27
3502,3502190,3502190016,3,1,KRAJAN,12,POSBINDU SEDAP MALAM,balita,JL. MANGGA NO 28,,3502190016,3502190016,2021-04-18 14:06:29,2021-04-18 14:06:29
3502,3502200,3502200001,3,1,Ngrogung,1,POSYANDU BALITA KAYUMAS,balita,Dukuh Ngrogung ,,3502200001,3502200001,2021-03-25 14:14:25,2021-03-25 14:15:16
3502,3502200,3502200001,2,1,Ngresik,2,POSYANDU BALITA NGRESIK,balita,Dukuh Ngresik,,3502200001,3502200001,2021-03-25 14:16:48,2021-03-25 14:19:18
3502,3502200,3502200001,2,2,Jati,3,POSYANDU BALITA JATI,balita,Dukuh Jati,,3502200001,3502200001,2021-03-25 14:18:53,2021-03-25 14:18:53
3502,3502200,3502200001,1,1,Pule,4,POSYANDU BALITA PULE,balita,Dukuh Pule,,3502200001,3502200001,2021-03-25 14:20:28,2021-03-25 14:20:28
3502,3502200,3502200001,2,2,Pule,5,POSYANDU BALITA NDANTEN,balita,Dukuh Pule,,3502200001,3502200001,2021-03-25 14:22:01,2021-03-25 14:22:01
3502,3502200,3502200001,1,2,Ngrogung,6,POSYANDU LANSIA NGROGUNG,balita,Dukuh Ngrogung,,3502200001,3502200001,2021-03-25 14:24:43,2021-03-25 14:24:43
3502,3502200,3502200001,2,1,Ngrogung,7,POSYANDU LANSIA KAYUMAS,balita,Dukuh Ngrogung,,3502200001,3502200001,2021-03-25 14:26:00,2021-03-25 14:26:00
3502,3502200,3502200001,2,1,Ngresik,8,POSYANDU LANSIA NGRESIK,balita,Dukuh Ngresik,,3502200001,3502200001,2021-03-25 14:27:33,2021-03-25 14:27:33
3502,3502200,3502200001,2,2,Jati,9,POSYANDU LANSIA JATI,balita,Dukuh Jati,,3502200001,3502200001,2021-03-25 14:28:22,2021-03-25 14:28:22
3502,3502200,3502200001,1,1,Pule,10,POSYANDU LANSIA PULE,balita,Dukuh Pule,,3502200001,3502200001,2021-03-25 14:29:07,2021-03-25 14:29:07
3502,3502200,3502200001,2,2,Pule,11,POSYANDU LANSIA NDANTEN,balita,Dukuh Pule,,3502200001,3502200001,2021-03-25 14:30:00,2021-03-25 14:30:00
3502,3502200,3502200005,1,1,KRAJAN,1,POSYANDU NGLINGI,balita,KRAJAN,,3502200005,3502200005,2021-07-09 05:38:29,2021-07-09 05:38:29
3502,3502200,3502200005,2,2,BRIKET,2,POSYANDU BRIKET,balita,BRIKET,,3502200005,3502200005,2021-07-09 05:39:17,2021-07-09 05:39:17
3502,3502200,3502200005,2,3,KRAJAN,3,POSYANDU NGELO,balita,KRAJAN,,3502200005,3502200005,2021-07-09 05:39:53,2021-07-09 05:39:53
3502,3502200,3502200005,1,4,KRAJAN,4,POSYANDU NDAWUK,balita,KRAJAN,,3502200005,3502200005,2021-07-09 05:40:30,2021-07-09 05:40:30
3502,3502200,3502200005,1,2,BATIK,5,POSYANDU BATIK,balita,BATIK,,3502200005,3502200005,2021-07-09 05:40:54,2021-07-09 05:40:54
3502,3502200,3502200006,2,2,PUPUS,1,POSYANDU DUKUH PUPUS,balita,RT 02 RW 02 DUKUH PUPUS,,3502200006,3502200006,2020-11-13 02:43:58,2020-11-13 02:43:58
3502,3502200,3502200006,1,1,PRUMBON,2,POSYANDU DUKUH PRUMBON,balita,RT 01 RW 01 DUKUH PRUMBON,,3502200006,3502200006,2020-11-13 02:44:45,2020-11-13 02:44:45
3502,3502200,3502200006,1,2,TOYOMARTO,3,POSYANDU DUKUH TOYOMARO 1,balita,RT 01 RW 02 DUKUH TOYOMARTO,,3502200006,3502200006,2020-11-13 02:46:12,2020-11-13 02:46:12
3502,3502200,3502200006,1,1,TOYOMARTO,4,POSYANDU DUKUH TOYOMARO 2,balita,RT 01 RW 01 DUKUH TOYOMARTO,,3502200006,3502200006,2020-11-13 02:46:54,2020-11-13 02:46:54
3502,3502200,3502200007,1,1,NGEBEL,1,BUDI MULYA (BALITA),balita,Jln. Pahlawan ( Rumah SUBAGYO),,3502200007,3502200007,2020-11-30 02:48:13,2020-12-03 04:43:32
3502,3502200,3502200007,1,2,KELENG,2,MELATI (BALITA),balita,Rumah Bpk. Karmono,,3502200007,3502200007,2020-12-03 04:45:04,2020-12-03 04:45:04
3502,3502200,3502200007,1,1,Dukuh SOBO,3,SUMBER AKAS (BALITA),balita,Rumah Bpk. BOIRAN,,3502200007,3502200007,2020-12-03 04:46:15,2020-12-03 04:46:15
3502,3502200,3502200007,2,2,Dukuh Sekodok,4,NGUDI SANTOSO (BALITA),balita,Rumah Bpk. SUKATNO,,3502200007,3502200007,2020-12-03 04:47:26,2020-12-03 04:47:26
3502,3502200,3502200007,1,2,Dukuh Nglingi,5,BABY SEHAT (BALITA),balita,Rumah Bpk. SUNAR,,3502200007,3502200007,2020-12-03 04:48:52,2020-12-03 04:48:52
3502,3502200,3502200007,3,1,Dukuh Semenok,6,PLAMBOYAN (BALITA),balita,Rumah Bpk. Nur Ihsan,,3502200007,3502200007,2020-12-03 04:50:13,2020-12-03 04:50:13
3502,3502200,3502200007,2,2,Lingkungan Jawol,7,BOGENVIL (BALITA),balita,Rumah Bpk. Sikus,,3502200007,3502200007,2020-12-03 04:57:38,2020-12-03 04:57:38
3502,3502200,3502200007,1,2,Dukuh Ngebel,8,LANSIA NGEBEL,balita,Rumah Bpk. Sikak,,3502200007,3502200007,2020-12-03 04:58:58,2020-12-03 04:58:58
3502,3502200,3502200007,2,1,Dukuh Keleng,9,LANSIA KELENG,balita,Rumah Bpk. Waris,,3502200007,3502200007,2020-12-03 04:59:51,2020-12-03 04:59:51
3502,3502200,3502200007,1,1,Dukuh SOBO,10,LANSIA SOBO,balita,Rumah Bpk. Boiran,,3502200007,3502200007,2020-12-03 05:00:36,2020-12-03 05:00:36
3502,3502200,3502200007,2,2,Dukuh Sekodok,11,LANSIA SEKODOK,balita,Rumah Bpk. Sukatno,,3502200007,3502200007,2020-12-03 05:01:12,2020-12-03 05:01:12
3502,3502200,3502200007,1,2,Dukuh Nglingi,12,LANSIA NGLINGI,balita,Rumah Bpk. Sunar,,3502200007,3502200007,2020-12-03 05:01:52,2020-12-03 05:01:52
3502,3502200,3502200007,3,1,Dukuh Semenok,13,LANSIA SEMENOK,balita,Rumah Bpk. Nur Ihsan,,3502200007,3502200007,2020-12-03 05:03:06,2020-12-03 05:03:06
3502,3502200,3502200007,1,2,Lingkungan Jawol,14,LANSIA JAWOL,balita,Rumah Bpk Saeran,,3502200007,3502200007,2020-12-03 05:03:48,2020-12-03 05:03:48
